fixed acidity,volatile acidity,citric acid,residual sugar,chlorides,free sulfur dioxide,total sulfur dioxide,density,pH,sulphates,alcohol,quality_class
0.478873239,0.236363636,0.253012048,0.025835866,0.141618497,0.141868512,0.277272727,0.955745058,0.908376963,0.444444444,0.73943662,3
0.366197183,0.140909091,0.198795181,0.024316109,0.080924855,0.044982699,0.134090909,0.95261699,0.863874346,0.777777778,0.838028169,3
0.556338028,0.463636364,0.204819277,0.039513678,0.141618497,0.044982699,0.306818182,0.956081927,0.808900524,0.472222222,0.704225352,1
0.450704225,0.254545455,0.246987952,0.103343465,0.130057803,0.211072664,0.490909091,0.957862519,0.808900524,0.425925926,0.661971831,1
0.485915493,0.136363636,0.168674699,0.066869301,0.083815029,0.048442907,0.243181818,0.956197424,0.848167539,0.425925926,0.732394366,3
0.507042254,0.218181818,0.204819277,0.016717325,0.130057803,0.010380623,0.145454545,0.954108838,0.845549738,0.472222222,0.802816901,1
0.457746479,0.254545455,0.168674699,0.129179331,0.13583815,0.186851211,0.477272727,0.958825001,0.808900524,0.5,0.626760563,0
0.471830986,0.254545455,0.186746988,0.112462006,0.11849711,0.024221453,0.184090909,0.955302316,0.795811518,0.435185185,0.802816901,3
0.429577465,0.545454545,0.072289157,0.027355623,0.144508671,0.038062284,0.172727273,0.955437063,0.895287958,0.444444444,0.732394366,0
0.471830986,0.172727273,0.192771084,0.056231003,0.11849711,0.089965398,0.172727273,0.954522705,0.759162304,0.527777778,0.73943662,2
0.5,0.227272727,0.180722892,0.036474164,0.121387283,0.08650519,0.277272727,0.95670754,0.897905759,0.564814815,0.73943662,1
0.591549296,0.181818182,0.228915663,0.179331307,0.158959538,0.176470588,0.386363636,0.962867428,0.87434555,0.759259259,0.626760563,1
0.436619718,0.6,0.289156627,0.018237082,0.083815029,0.100346021,0.170454545,0.952087624,0.871727749,0.361111111,0.901408451,3
0.535211268,0.309090909,0.234939759,0.11550152,0.115606936,0.155709343,0.488636364,0.959113746,0.814136126,0.490740741,0.647887324,1
0.478873239,0.190909091,0.186746988,0.044072948,0.132947977,0.138408304,0.275,0.954108838,0.803664921,0.601851852,0.767605634,2
0.5,0.145454545,0.21686747,0.018237082,0.124277457,0.07266436,0.204545455,0.955263816,0.827225131,0.388888889,0.774647887,2
0.436619718,0.190909091,0.162650602,0.025835866,0.10982659,0.141868512,0.340909091,0.956033802,0.913612565,0.657407407,0.73943662,2
0.471830986,0.2,0.13253012,0.018237082,0.10982659,0.017301038,0.281818182,0.953800843,0.811518325,0.342592593,0.788732394,0
0.528169014,0.281818182,0.144578313,0.107902736,0.089595376,0.096885813,0.320454545,0.956678666,0.827225131,0.351851852,0.746478873,2
0.471830986,0.218181818,0.180722892,0.058510638,0.121387283,0.363321799,0.406818182,0.954676702,0.795811518,0.546296296,0.795774648,3
0.429577465,0.272727273,0.192771084,0.03343465,0.121387283,0.141868512,0.322727273,0.952395619,0.866492147,0.407407407,0.894366197,2
0.373239437,0.236363636,0.138554217,0.078267477,0.098265896,0.166089965,0.363636364,0.957862519,1,0.472222222,0.73943662,2
0.5,0.236363636,0.204819277,0.218844985,0.193641618,0.121107266,0.429545455,0.961134959,0.803664921,0.490740741,0.64084507,2
0.415492958,0.272727273,0.138554217,0.063829787,0.10982659,0.14532872,0.270454545,0.955167568,0.82460733,0.462962963,0.774647887,1
0.485915493,0.2,0.222891566,0.227963526,0.153179191,0.204152249,0.404545455,0.961712449,0.882198953,0.759259259,0.669014085,2
0.647887324,0.145454545,0.295180723,0.030395137,0.12716763,0.062283737,0.243181818,0.95780477,0.811518325,0.490740741,0.718309859,0
0.507042254,0.154545455,0.204819277,0.097264438,0.121387283,0.055363322,0.252272727,0.955533312,0.782722513,0.37037037,0.76056338,1
0.5,0.254545455,0.295180723,0.098784195,0.11849711,0.096885813,0.252272727,0.955360065,0.892670157,0.537037037,0.85915493,3
0.471830986,0.372727273,0.144578313,0.082066869,0.101156069,0.114186851,0.261363636,0.952953859,0.816753927,0.407407407,0.90798122,2
0.429577465,0.218181818,0.156626506,0.025835866,0.095375723,0.211072664,0.304545455,0.953146355,0.835078534,0.75,0.838028169,2
0.464788732,0.454545455,0.156626506,0.171732523,0.083815029,0.110726644,0.25,0.955764307,0.856020942,0.722222222,0.908450704,3
0.542253521,0.245454545,0.295180723,0.05775076,0.106936416,0.15916955,0.315909091,0.95397409,0.795811518,0.351851852,0.816901408,1
0.422535211,0.218181818,0.162650602,0.02887538,0.138728324,0.138408304,0.386363636,0.956515044,0.952879581,0.5,0.704225352,2
0.478873239,0.163636364,0.180722892,0.194528875,0.179190751,0.065743945,0.388636364,0.960634468,0.785340314,0.481481481,0.633802817,2
0.612676056,0.281818182,0.126506024,0.085106383,0.112716763,0.096885813,0.152272727,0.956014553,0.77486911,0.481481481,0.774647887,0
0.450704225,0.281818182,0.301204819,0.088145897,0.10982659,0.14532872,0.252272727,0.954676702,0.832460733,0.490740741,0.838028169,2
0.352112676,0.263636364,0.325301205,0.08662614,0.101156069,0.186851211,0.352272727,0.952626615,0.856020942,0.314814815,0.908450704,3
0.464788732,0.145454545,0.192771084,0.021276596,0.101156069,0.169550173,0.422727273,0.9534351,0.876963351,0.592592593,0.873239437,3
0.690140845,0.327272727,0.277108434,0.159574468,0.10982659,0.01384083,0.188636364,0.958247512,0.756544503,0.277777778,0.711267606,0
0.563380282,0.4,0.295180723,0.138297872,0.089595376,0.15916955,0.343181818,0.955360065,0.827225131,0.25,0.894366197,3
0.485915493,0.227272727,0.162650602,0.137537994,0.112716763,0.128027682,0.290909091,0.956322547,0.856020942,0.314814815,0.795774648,3
0.436619718,0.254545455,0.168674699,0.065349544,0.075144509,0.076124567,0.238636364,0.951895128,0.780104712,0.592592593,0.922535211,3
0.5,0.427272727,0.174698795,0.224924012,0.069364162,0.076124567,0.322727273,0.957843269,0.816753927,0.444444444,0.845070423,3
0.443661972,0.236363636,0.126506024,0.060790274,0.086705202,0.083044983,0.284090909,0.954301334,0.80104712,0.314814815,0.753521127,1
0.429577465,0.245454545,0.180722892,0.253799392,0.112716763,0.169550173,0.390909091,0.962338062,0.890052356,0.416666667,0.661971831,1
0.457746479,0.345454545,0.156626506,0.079027356,0.121387283,0.114186851,0.254545455,0.953502474,0.80104712,0.462962963,0.866197183,2
0.514084507,0.172727273,0.162650602,0.211246201,0.164739884,0.155709343,0.352272727,0.960624844,0.769633508,0.37962963,0.61971831,3
0.436619718,0.090909091,0.246987952,0.015197568,0.115606936,0.058823529,0.172727273,0.952742112,0.821989529,0.518518519,0.802816901,2
0.507042254,0.327272727,0.21686747,0.08662614,0.10982659,0.089965398,0.222727273,0.954205086,0.767015707,0.546296296,0.88028169,2
0.514084507,0.363636364,0.168674699,0.098784195,0.106936416,0.089965398,0.220454545,0.954282084,0.827225131,0.537037037,0.887323944,2
0.563380282,0.227272727,0.162650602,0.147416413,0.104046243,0.051903114,0.193181818,0.956765289,0.782722513,0.333333333,0.788732394,1
0.471830986,0.227272727,0.445783133,0.294832827,0.156069364,0.152249135,0.384090909,0.962867428,0.918848168,0.416666667,0.690140845,1
0.478873239,0.227272727,0.168674699,0.075987842,0.101156069,0.14532872,0.286363636,0.953319602,0.816753927,0.351851852,0.887323944,2
0.697183099,0.913636364,0.277108434,0.021276596,0.132947977,0.117647059,0.420454545,0.959209994,0.790575916,0.453703704,0.718309859,0
0.471830986,0.490909091,0.162650602,0.107902736,0.141618497,0.027681661,0.404545455,0.957689272,0.827225131,0.351851852,0.661971831,0
0.570422535,0.154545455,0.265060241,0.214285714,0.153179191,0.148788927,0.329545455,0.963059924,0.858638743,0.694444444,0.61971831,3
0.38028169,0.136363636,0.192771084,0.037993921,0.106936416,0.034602076,0.115909091,0.951683382,0.795811518,0.537037037,0.887323944,1
0.556338028,0.254545455,0.192771084,0.054711246,0.10982659,0.031141869,0.172727273,0.954782575,0.798429319,0.287037037,0.823943662,0
0.542253521,0.245454545,0.204819277,0.027355623,0.080924855,0.089965398,0.381818182,0.953916341,0.782722513,0.444444444,0.852112676,2
0.450704225,0.309090909,0.120481928,0.226443769,0.173410405,0.128027682,0.368181818,0.960846215,0.819371728,0.416666667,0.633802817,0
0.373239437,0.390909091,0.06626506,0.016717325,0.083815029,0.020761246,0.115909091,0.953589097,0.918848168,0.444444444,0.788732394,0
0.450704225,0.245454545,0.102409639,0.127659574,0.12716763,0.207612457,0.45,0.958420759,0.840314136,0.435185185,0.661971831,1
0.450704225,0.245454545,0.114457831,0.02887538,0.24566474,0.07266436,0.445454545,0.95782402,0.913612565,0.592592593,0.669014085,0
0.478873239,0.309090909,0.445783133,0.042553191,0.25433526,0.079584775,0.420454545,0.955552561,0.918848168,0.648148148,0.845070423,1
0.373239437,0.272727273,0.120481928,0.016717325,0.222543353,0.166089965,0.377272727,0.957092533,0.863874346,0.5,0.612676056,0
0.485915493,0.681818182,0.078313253,0.095744681,0.104046243,0.065743945,0.113636364,0.955860556,0.808900524,0.231481481,0.781690141,0
0.563380282,0.5,0.102409639,0.124620061,0.115606936,0.044982699,0.136363636,0.958247512,0.808900524,0.277777778,0.669014085,0
0.394366197,0.163636364,0.174698795,0.034954407,0.115606936,0.017301038,0.106818182,0.954070338,0.803664921,0.416666667,0.711267606,0
0.626760563,0.272727273,0.210843373,0.069908815,0.092485549,0.110726644,0.336363636,0.95726578,0.82460733,0.416666667,0.809859155,2
0.528169014,0.290909091,0.144578313,0.069908815,0.153179191,0.027681661,0.304545455,0.958440008,0.821989529,0.462962963,0.64084507,0
0.535211268,0.436363636,0.222891566,0.012158055,0.106936416,0.01384083,0.227272727,0.953050107,0.793193717,0.361111111,0.802816901,0
0.422535211,0.281818182,0.162650602,0.034954407,0.121387283,0.065743945,0.272727273,0.952395619,0.869109948,0.37962963,0.894366197,2
0.464788732,0.190909091,0.301204819,0.132218845,0.104046243,0.141868512,0.434090909,0.955687309,0.77486911,0.518518519,0.774647887,1
0.401408451,0.4,0.078313253,0.106382979,0.072254335,0.096885813,0.393181818,0.954108838,0.871727749,0.444444444,0.88028169,1
0.492957746,0.109090909,0.174698795,0.156534954,0.112716763,0.141868512,0.222727273,0.958286011,0.835078534,0.351851852,0.690140845,3
0.429577465,0.145454545,0.162650602,0.191489362,0.184971098,0.21799308,0.368181818,0.961904945,0.958115183,0.398148148,0.626760563,1
0.514084507,0.236363636,0.198795181,0.271276596,0.141618497,0.143598616,0.443181818,0.962482435,0.80104712,0.407407407,0.64084507,2
0.443661972,0.263636364,0.168674699,0.071428571,0.170520231,0.096885813,0.184090909,0.953204104,0.848167539,0.518518519,0.894366197,3
0.457746479,0.154545455,0.325301205,0.129179331,0.23699422,0.221453287,0.370454545,0.958536257,0.756544503,0.361111111,0.61971831,1
0.443661972,0.290909091,0.210843373,0.168693009,0.112716763,0.100346021,0.45,0.960942463,0.879581152,0.462962963,0.661971831,2
0.492957746,0.354545455,0.144578313,0.015197568,0.138728324,0.027681661,0.270454545,0.95507132,0.785340314,0.287037037,0.711267606,0
0.661971831,0.263636364,0.331325301,0.03343465,0.144508671,0.058823529,0.270454545,0.958825001,0.816753927,0.638888889,0.725352113,0
0.352112676,0.5,0.084337349,0.126139818,0.092485549,0.121107266,0.372727273,0.954590079,0.92408377,0.472222222,0.88028169,3
0.507042254,0.527272727,0.162650602,0.088145897,0.092485549,0.138408304,0.268181818,0.953704595,0.829842932,0.490740741,0.915492958,2
0.563380282,0.409090909,0.21686747,0.133738602,0.075144509,0.173010381,0.343181818,0.955456313,0.803664921,0.231481481,0.894366197,3
0.422535211,0.154545455,0.180722892,0.110942249,0.112716763,0.134948097,0.236363636,0.955283066,0.761780105,0.527777778,0.774647887,1
0.612676056,0.272727273,0.355421687,0.025835866,0.132947977,0.034602076,0.159090909,0.95644767,0.80104712,0.518518519,0.76056338,0
0.626760563,0.245454545,0.204819277,0.162613982,0.083815029,0.067474048,0.377272727,0.959296618,0.819371728,0.444444444,0.746478873,1
0.373239437,0.363636364,0.15060241,0.059270517,0.089595376,0.155709343,0.295454545,0.953550598,0.866492147,0.537037037,0.827464789,2
0.408450704,0.245454545,0.120481928,0.110942249,0.115606936,0.14532872,0.329545455,0.957111783,0.82460733,0.444444444,0.690140845,1
0.436619718,0.409090909,0.156626506,0.066869301,0.182080925,0.21799308,0.468181818,0.95670754,0.856020942,0.481481481,0.690140845,0
0.478873239,0.190909091,0.240963855,0.095744681,0.092485549,0.138408304,0.275,0.954917323,0.832460733,0.490740741,0.845070423,2
0.514084507,0.172727273,0.162650602,0.211246201,0.164739884,0.155709343,0.352272727,0.960624844,0.769633508,0.37962963,0.61971831,3
0.478873239,0.640909091,0.15060241,0.048632219,0.138728324,0.034602076,0.129545455,0.958632505,0.879581152,0.481481481,0.669014085,0
0.464788732,0.3,0.186746988,0.019756839,0.057803468,0.100346021,0.202272727,0.953194479,0.853403141,0.407407407,0.873239437,3
0.394366197,0.109090909,0.198795181,0.044072948,0.12716763,0.07266436,0.165909091,0.951856629,0.829842932,0.296296296,0.908450704,3
0.429577465,0.272727273,0.180722892,0.031914894,0.089595376,0.173010381,0.370454545,0.952376369,0.887434555,0.398148148,0.894366197,2
0.598591549,0.2,0.204819277,0.010638298,0.115606936,0.017301038,0.056818182,0.954590079,0.795811518,0.342592593,0.73943662,0
0.422535211,0.254545455,0.313253012,0.094224924,0.080924855,0.128027682,0.236363636,0.954407207,0.858638743,0.472222222,0.830985915,2
0.485915493,0.281818182,0.204819277,0.112462006,0.170520231,0.124567474,0.395454545,0.95892125,0.905759162,0.574074074,0.781690141,2
0.5,0.181818182,0.162650602,0.145896657,0.106936416,0.065743945,0.238636364,0.957131032,0.795811518,0.342592593,0.73943662,2
0.514084507,0.172727273,0.15060241,0.021276596,0.147398844,0.141868512,0.243181818,0.956534293,0.92408377,0.611111111,0.73943662,2
0.507042254,0.227272727,0.168674699,0.218844985,0.158959538,0.190311419,0.465909091,0.961134959,0.816753927,0.351851852,0.633802817,2
0.514084507,0.2,0.186746988,0.034954407,0.052023121,0.155709343,0.181818182,0.952241622,0.80104712,0.314814815,0.908450704,2
0.514084507,0.154545455,0.144578313,0.123100304,0.349710983,0.110726644,0.368181818,0.957747021,0.829842932,0.351851852,0.732394366,3
0.464788732,0.345454545,0.090361446,0.069908815,0.12716763,0.08650519,0.177272727,0.955841306,0.814136126,0.351851852,0.718309859,1
0.478873239,0.236363636,0.204819277,0.229483283,0.173410405,0.14532872,0.368181818,0.959643112,0.848167539,0.481481481,0.73943662,0
0.556338028,0.163636364,0.295180723,0.079027356,0.147398844,0.124567474,0.356818182,0.957958767,0.832460733,0.444444444,0.746478873,1
0.464788732,0.390909091,0.144578313,0.180851064,0.115606936,0.186851211,0.361363636,0.958844251,0.821989529,0.5,0.690140845,1
0.485915493,0.272727273,0.21686747,0.068389058,0.156069364,0.107266436,0.461363636,0.957795145,0.890052356,0.527777778,0.732394366,0
0.436619718,0.690909091,0.006024096,0.048632219,0.11849711,0.062283737,0.272727273,0.953107856,0.837696335,0.87037037,0.964788732,2
0.514084507,0.209090909,0.222891566,0.02887538,0.11849711,0.176470588,0.375,0.953627596,0.853403141,0.37037037,0.85915493,3
0.521126761,0.163636364,0.144578313,0.021276596,0.13583815,0.07266436,0.240909091,0.956543918,0.921465969,0.592592593,0.73943662,2
0.584507042,0.254545455,0.271084337,0.118541033,0.170520231,0.110726644,0.315909091,0.959787484,0.871727749,0.712962963,0.788732394,1
0.563380282,0.2,0.253012048,0.221884498,0.12716763,0.155709343,0.370454545,0.962771179,0.840314136,0.638888889,0.605633803,2
0.485915493,0.354545455,0.240963855,0.069908815,0.063583815,0.017301038,0.043181818,0.954301334,0.866492147,0.342592593,0.887323944,0
0.436619718,0.254545455,0.271084337,0.113981763,0.130057803,0.15916955,0.461363636,0.958372635,0.853403141,0.425925926,0.647887324,1
0.563380282,0.209090909,0.222891566,0.145896657,0.156069364,0.079584775,0.361363636,0.960509346,0.869109948,0.435185185,0.690140845,0
0.464788732,0.263636364,0.234939759,0.102583587,0.089595376,0.076124567,0.222727273,0.954108838,0.82460733,0.740740741,0.908450704,2
0.535211268,0.181818182,0.180722892,0.215805471,0.161849711,0.183391003,0.482954545,0.961519952,0.821989529,0.425925926,0.626760563,3
0.647887324,0.2,0.240963855,0.036474164,0.156069364,0.062283737,0.343181818,0.957862519,0.795811518,0.425925926,0.654929577,0
0.478873239,0.218181818,0.240963855,0.027355623,0.13583815,0.117647059,0.238636364,0.95285761,0.819371728,0.453703704,0.901408451,3
0.485915493,0.227272727,0.144578313,0.054711246,0.164739884,0.044982699,0.193181818,0.956900037,0.782722513,0.444444444,0.669014085,0
0.556338028,0.172727273,0.271084337,0.022796353,0.130057803,0.058823529,0.218181818,0.95449383,0.819371728,0.361111111,0.774647887,1
0.366197183,0.259090909,0.174698795,0.078267477,0.101156069,0.221453287,0.313636364,0.952376369,0.835078534,0.314814815,0.873239437,3
0.521126761,0.172727273,0.295180723,0.141337386,0.086705202,0.089965398,0.3,0.95670754,0.782722513,0.296296296,0.774647887,2
0.584507042,0.2,0.228915663,0.224924012,0.156069364,0.110726644,0.286363636,0.962674931,0.842931937,0.462962963,0.683098592,1
0.690140845,0.227272727,0.445783133,0.151975684,0.161849711,0.124567474,0.511363636,0.960268725,0.80104712,0.398148148,0.704225352,0
0.408450704,0.254545455,0.180722892,0.022796353,0.075144509,0.107266436,0.259090909,0.952395619,0.869109948,0.555555556,0.88028169,2
0.394366197,0.109090909,0.198795181,0.044072948,0.12716763,0.07266436,0.165909091,0.951856629,0.829842932,0.296296296,0.908450704,3
0.422535211,0.3,0.108433735,0.045592705,0.104046243,0.017301038,0.193181818,0.954060713,0.858638743,0.37037037,0.809859155,0
0.478873239,0.181818182,0.21686747,0.024316109,0.080924855,0.024221453,0.104545455,0.954541955,0.840314136,0.555555556,0.767605634,1
0.492957746,0.327272727,0.192771084,0.152735562,0.130057803,0.128027682,0.297727273,0.956245549,0.808900524,0.305555556,0.823943662,3
0.535211268,0.172727273,0.192771084,0.284954407,0.13583815,0.110726644,0.438636364,0.962617182,0.811518325,0.462962963,0.654929577,2
0.464788732,0.118181818,0.174698795,0.211246201,0.161849711,0.114186851,0.215909091,0.959614237,0.829842932,0.361111111,0.661971831,1
0.542253521,0.254545455,0.379518072,0.168693009,0.112716763,0.200692042,0.406818182,0.960461222,0.806282723,0.407407407,0.61971831,0
0.443661972,0.163636364,0.144578313,0.051671733,0.153179191,0.069204152,0.270454545,0.95644767,0.814136126,0.481481481,0.647887324,1
0.443661972,0.354545455,0.144578313,0.104863222,0.199421965,0.031141869,0.265909091,0.956900037,0.82460733,0.324074074,0.718309859,0
0.429577465,0.236363636,0.15060241,0.044072948,0.13583815,1,1,0.955879805,0.90052356,0.592592593,0.73943662,0
0.492957746,0.218181818,0.192771084,0.019756839,0.106936416,0.134948097,0.279545455,0.954782575,0.829842932,0.388888889,0.788732394,3
0.436619718,0.236363636,0.192771084,0.232522796,0.089595376,0.221453287,0.420454545,0.960894339,0.866492147,0.564814815,0.661971831,1
0.366197183,0.368181818,0.090361446,0.022036474,0.10982659,0.034602076,0.1,0.954060713,0.921465969,0.37037037,0.816901408,0
0.387323944,0.381818182,0.054216867,0.024316109,0.054913295,0.062283737,0.154545455,0.9534351,0.871727749,0.472222222,0.802816901,2
0.464788732,0.245454545,0.174698795,0.080547112,0.130057803,0.197231834,0.429545455,0.957958767,0.866492147,0.731481481,0.690140845,1
0.450704225,0.454545455,0.120481928,0.036474164,0.170520231,0.065743945,0.254545455,0.955879805,0.832460733,0.37037037,0.647887324,1
0.485915493,0.236363636,0.295180723,0.024316109,0.167630058,0.134948097,0.377272727,0.959113746,0.955497382,0.481481481,0.661971831,0
0.478873239,0.318181818,0.192771084,0.036474164,0.138728324,0.121107266,0.234090909,0.953916341,0.858638743,0.425925926,0.845070423,3
0.338028169,0.590909091,0.072289157,0.016717325,0.037572254,0.01384083,0.022727273,0.955225317,0.869109948,0.333333333,0.950704225,0
0.485915493,0.218181818,0.198795181,0.072948328,0.115606936,0.055363322,0.297727273,0.956322547,0.853403141,0.592592593,0.753521127,1
0.485915493,0.227272727,0.144578313,0.054711246,0.164739884,0.044982699,0.193181818,0.956900037,0.782722513,0.444444444,0.669014085,0
0.436619718,0.418181818,0.15060241,0.066869301,0.190751445,0.214532872,0.470454545,0.956611292,0.85078534,0.481481481,0.690140845,1
0.373239437,0.272727273,0.096385542,0.063829787,0.083815029,0.128027682,0.227272727,0.953338852,0.863874346,0.333333333,0.830985915,3
0.471830986,0.1,0.204819277,0.133738602,0.124277457,0.141868512,0.256818182,0.958825001,0.895287958,0.37037037,0.654929577,2
0.295774648,0.195454545,0.138554217,0.077507599,0.11849711,0.221453287,0.356818182,0.959479489,0.895287958,0.407407407,0.563380282,0
0.478873239,0.290909091,0.204819277,0.018237082,0.12716763,0.048442907,0.152272727,0.954686327,0.798429319,0.435185185,0.746478873,0
0.450704225,0.2,0.192771084,0.109422492,0.080924855,0.051903114,0.188636364,0.955745058,0.819371728,0.509259259,0.767605634,3
0.521126761,0.254545455,0.240963855,0.180851064,0.092485549,0.044982699,0.209090909,0.958911625,0.787958115,0.425925926,0.76056338,0
0.535211268,0.181818182,0.180722892,0.215805471,0.161849711,0.183391003,0.482954545,0.961519952,0.821989529,0.425925926,0.626760563,3
0.408450704,0.236363636,0.180722892,0.039513678,0.098265896,0.259515571,0.293181818,0.953050107,0.837696335,0.351851852,0.809859155,0
0.471830986,0.218181818,0.180722892,0.058510638,0.121387283,0.363321799,0.406818182,0.954676702,0.795811518,0.546296296,0.795774648,3
0.549295775,0.154545455,0.138554217,0.025835866,0.083815029,0.134948097,0.290909091,0.955475563,0.882198953,0.37962963,0.753521127,2
0.514084507,0.372727273,0.174698795,0.027355623,0.092485549,0.089965398,0.168181818,0.951789255,0.77486911,0.324074074,0.915492958,3
0.535211268,0.281818182,0.138554217,0.193009119,0.156069364,0.069204152,0.315909091,0.960903964,0.827225131,0.462962963,0.683098592,0
0.394366197,0.354545455,0.144578313,0.071428571,0.098265896,0.093425606,0.175,0.9534351,0.858638743,0.333333333,0.894366197,1
0.443661972,0.190909091,0.34939759,0.151975684,0.234104046,0.117647059,0.286363636,0.958825001,0.772251309,0.425925926,0.626760563,1
0.535211268,0.245454545,0.180722892,0.139817629,0.052023121,0.079584775,0.218181818,0.956515044,0.806282723,0.268518519,0.774647887,1
0.528169014,0.381818182,0.204819277,0.065349544,0.115606936,0.117647059,0.245454545,0.954349458,0.821989529,0.416666667,0.901408451,3
0.429577465,0.254545455,0.15060241,0.196048632,0.156069364,0.117647059,0.429545455,0.960461222,0.85078534,0.398148148,0.633802817,0
0.507042254,0.318181818,0.15060241,0.085106383,0.092485549,0.079584775,0.272727273,0.956072302,0.767015707,0.611111111,0.725352113,2
0.521126761,0.227272727,0.168674699,0.110182371,0.080924855,0.048442907,0.177272727,0.955148319,0.769633508,0.342592593,0.809859155,2
0.535211268,0.209090909,0.174698795,0.130699088,0.153179191,0.224913495,0.331818182,0.95892125,0.814136126,0.296296296,0.690140845,1
0.492957746,0.272727273,0.307228916,0.20668693,0.144508671,0.138408304,0.381818182,0.960172477,0.803664921,0.481481481,0.676056338,2
0.450704225,0.309090909,0.120481928,0.226443769,0.173410405,0.128027682,0.368181818,0.960846215,0.819371728,0.416666667,0.633802817,0
0.549295775,0.263636364,0.21686747,0.106382979,0.121387283,0.131487889,0.365909091,0.956803788,0.853403141,0.342592593,0.788732394,3
0.471830986,0.272727273,0.174698795,0.042553191,0.072254335,0.128027682,0.243181818,0.954387957,0.866492147,0.583333333,0.795774648,2
0.507042254,0.227272727,0.168674699,0.218844985,0.158959538,0.190311419,0.465909091,0.961134959,0.816753927,0.351851852,0.633802817,2
0.598591549,0.218181818,0.28313253,0.23100304,0.164739884,0.138408304,0.531818182,0.962963676,0.790575916,0.611111111,0.633802817,1
0.492957746,0.327272727,0.192771084,0.159574468,0.130057803,0.121107266,0.306818182,0.956226299,0.808900524,0.305555556,0.816901408,3
0.443661972,0.545454545,0.265060241,0.167173252,0.144508671,0.173010381,0.556818182,0.959787484,0.835078534,0.527777778,0.654929577,0
0.373239437,0.218181818,0.198795181,0.019756839,0.095375723,0.08650519,0.220454545,0.9534351,0.939790576,0.351851852,0.774647887,3
0.450704225,0.236363636,0.144578313,0.097264438,0.115606936,0.093425606,0.281818182,0.953146355,0.842931937,0.453703704,0.887323944,2
0.492957746,0.218181818,0.21686747,0.042553191,0.098265896,0.076124567,0.254545455,0.95285761,0.835078534,0.351851852,0.887323944,3
0.478873239,0.336363636,0.168674699,0.02887538,0.069364162,0.221453287,0.240909091,0.952790237,0.903141361,0.555555556,0.887323944,3
0.535211268,0.472727273,0.295180723,0.212765957,0.098265896,0.128027682,0.354545455,0.958440008,0.821989529,0.351851852,0.830985915,2
0.478873239,0.263636364,0.096385542,0.021276596,0.10982659,0.423875433,0.532954545,0.954975072,0.82460733,0.435185185,0.704225352,0
0.422535211,0.281818182,0.162650602,0.034954407,0.121387283,0.065743945,0.272727273,0.952395619,0.869109948,0.37962963,0.894366197,2
0.471830986,0.254545455,0.204819277,0.135258359,0.138728324,0.110726644,0.252272727,0.957236905,0.85078534,0.5,0.774647887,2
0.492957746,0.481818182,0.259036145,0.092705167,0.083815029,0.020761246,0.172727273,0.95399334,0.806282723,0.462962963,0.88028169,3
0.415492958,0.263636364,0.096385542,0.12006079,0.12716763,0.166089965,0.447727273,0.95778552,0.840314136,0.333333333,0.661971831,1
0.485915493,0.272727273,0.180722892,0.019756839,0.153179191,0.083044983,0.422727273,0.956332172,0.861256545,0.5,0.697183099,0
0.415492958,0.118181818,0.168674699,0.02887538,0.144508671,0.069204152,0.177272727,0.954590079,0.897905759,0.592592593,0.76056338,1
0.633802817,0.154545455,0.295180723,0.015197568,0.112716763,0.15916955,0.297727273,0.955745058,0.808900524,0.472222222,0.73943662,2
0.598591549,0.154545455,0.295180723,0.133738602,0.138728324,0.079584775,0.245454545,0.957381278,0.753926702,0.314814815,0.73943662,0
0.507042254,0.3,0.168674699,0.021276596,0.098265896,0.089965398,0.247727273,0.955225317,0.858638743,0.527777778,0.746478873,1
0.514084507,0.281818182,0.15060241,0.10106383,0.092485549,0.103806228,0.313636364,0.955206067,0.759162304,0.342592593,0.781690141,1
0.507042254,0.163636364,0.186746988,0.016717325,0.130057803,0.069204152,0.165909091,0.955263816,0.869109948,0.37037037,0.76056338,2
0.5,0.209090909,0.144578313,0.082066869,0.112716763,0.207612457,0.445454545,0.957477526,0.835078534,0.722222222,0.704225352,0
0.366197183,0.218181818,0.271084337,0.05775076,0.078034682,0.07266436,0.290909091,0.954782575,0.929319372,0.453703704,0.788732394,3
0.478873239,0.481818182,0.210843373,0.05775076,0.098265896,0.089965398,0.247727273,0.9534351,0.853403141,0.527777778,0.894366197,3
0.605633803,0.309090909,0.21686747,0.021276596,0.130057803,0.038062284,0.270454545,0.958209013,0.829842932,0.435185185,0.661971831,0
0.436619718,0.345454545,0.108433735,0.112462006,0.274566474,0.096885813,0.443181818,0.9602976,0.92408377,0.657407407,0.647887324,0
0.464788732,0.281818182,0.222891566,0.094224924,0.150289017,0.044982699,0.372727273,0.958651755,0.848167539,0.361111111,0.61971831,0
0.661971831,0.218181818,0.174698795,0.129179331,0.106936416,0.429065744,0.472727273,0.956659416,0.759162304,0.351851852,0.774647887,0
0.422535211,0.609090909,0.042168675,0.018237082,0.173410405,0.031141869,0.245454545,0.955841306,0.814136126,0.324074074,0.612676056,0
0.549295775,0.236363636,0.295180723,0.047112462,0.130057803,0.07266436,0.263636364,0.955841306,0.827225131,0.324074074,0.725352113,1
0.556338028,0.145454545,0.180722892,0.072948328,0.106936416,0.128027682,0.388636364,0.959306243,0.908376963,0.407407407,0.633802817,0
0.436619718,0.290909091,0.096385542,0.106382979,0.130057803,0.103806228,0.309090909,0.957573774,0.832460733,0.435185185,0.676056338,1
0.450704225,0.136363636,0.21686747,0.027355623,0.098265896,0.148788927,0.340909091,0.954975072,0.895287958,0.638888889,0.774647887,3
0.38028169,0.481818182,0.096385542,0.041033435,0.104046243,0.117647059,0.290909091,0.951471636,0.837696335,0.490740741,0.929577465,3
0.549295775,0.190909091,0.234939759,0.027355623,0.098265896,0.214532872,0.409090909,0.953820093,0.808900524,0.694444444,0.887323944,3
0.457746479,0.163636364,0.204819277,0.024316109,0.115606936,0.148788927,0.336363636,0.954012589,0.869109948,0.546296296,0.809859155,3
0.690140845,0.845454545,0.271084337,0.130699088,0.150289017,0.117647059,0.425,0.961904945,0.816753927,0.546296296,0.718309859,0
0.514084507,0.218181818,0.234939759,0.272796353,0.164739884,0.155709343,0.338636364,0.962386186,0.840314136,0.333333333,0.605633803,1
0.450704225,0.163636364,0.210843373,0.015197568,0.130057803,0.134948097,0.245454545,0.953916341,0.866492147,0.324074074,0.767605634,1
0.535211268,0.436363636,0.222891566,0.018237082,0.098265896,0.017301038,0.129545455,0.955321565,0.798429319,0.5,0.732394366,0
0.542253521,0.1,0.204819277,0.213525836,0.115606936,0.141868512,0.259090909,0.958959749,0.803664921,0.546296296,0.774647887,2
0.436619718,0.336363636,0.180722892,0.100303951,1,0.273356401,0.454545455,0.958055015,0.861256545,0.537037037,0.676056338,1
0.471830986,0.327272727,0.156626506,0.12006079,0.098265896,0.134948097,0.279545455,0.954002964,0.782722513,0.277777778,0.85915493,2
0.514084507,0.2,0.222891566,0.217325228,0.182080925,0.166089965,0.434090909,0.960364973,0.756544503,0.351851852,0.633802817,1
0.464788732,0.181818182,0.084337349,0.066869301,0.531791908,0.121107266,0.381818182,0.956669041,0.767015707,0.416666667,0.661971831,1
0.514084507,0.272727273,0.204819277,0.041033435,0.12716763,0.117647059,0.245454545,0.953868217,0.879581152,0.490740741,0.901408451,3
0.408450704,0.154545455,0.204819277,0.027355623,0.130057803,0.332179931,0.386363636,0.953194479,0.884816754,0.833333333,0.830985915,3
0.478873239,0.190909091,0.373493976,0.097264438,0.11849711,0.024221453,0.256818182,0.956303297,0.77486911,0.546296296,0.718309859,1
0.492957746,0.518181818,0.060240964,0.126139818,0.271676301,0.079584775,0.427272727,0.959787484,0.890052356,0.435185185,0.647887324,0
0.450704225,0.136363636,0.21686747,0.027355623,0.098265896,0.148788927,0.340909091,0.954975072,0.895287958,0.638888889,0.774647887,3
0.542253521,0.245454545,0.295180723,0.027355623,0.11849711,0.079584775,0.195454545,0.954205086,0.827225131,0.388888889,0.88028169,1
0.38028169,0.481818182,0.096385542,0.041033435,0.104046243,0.117647059,0.290909091,0.951471636,0.837696335,0.490740741,0.929577465,3
0.415492958,0.245454545,0.174698795,0.17325228,0.104046243,0.107266436,0.261363636,0.957573774,0.876963351,0.444444444,0.73943662,3
0.535211268,0.236363636,0.21686747,0.024316109,0.092485549,0.020761246,0.240909091,0.955745058,0.82460733,0.37037037,0.732394366,0
0.457746479,0.254545455,0.210843373,0.14893617,0.193641618,0.211072664,0.409090909,0.959787484,0.82460733,0.527777778,0.633802817,0
0.464788732,0.327272727,0.174698795,0.024316109,0.060693642,0.083044983,0.193181818,0.952520741,0.892670157,0.564814815,0.873239437,3
0.471830986,0.272727273,0.174698795,0.042553191,0.072254335,0.128027682,0.243181818,0.954387957,0.866492147,0.583333333,0.795774648,2
0.457746479,0.163636364,0.246987952,0.215805471,0.112716763,0.162629758,0.293181818,0.959383241,0.858638743,0.666666667,0.725352113,2
0.528169014,0.254545455,0.204819277,0.063829787,0.080924855,0.124567474,0.263636364,0.953820093,0.782722513,0.37962963,0.866197183,3
0.535211268,0.3,0.21686747,0.031914894,0.098265896,0.089965398,0.390909091,0.957092533,0.895287958,0.444444444,0.73943662,0
0.422535211,0.245454545,0.162650602,0.024316109,0.132947977,0.110726644,0.256818182,0.955167568,0.892670157,0.472222222,0.73943662,2
0.5,0.227272727,0.295180723,0.045592705,0.086705202,0.103806228,0.218181818,0.953146355,0.819371728,0.361111111,0.866197183,2
0.478873239,0.245454545,0.174698795,0.069908815,0.132947977,0.020761246,0.2,0.95726578,0.87434555,0.444444444,0.746478873,0
0.464788732,0.263636364,0.174698795,0.027355623,0.104046243,0.131487889,0.231818182,0.951115517,0.806282723,0.388888889,0.964788732,2
0.478873239,0.2,0.246987952,0.101823708,0.098265896,0.134948097,0.263636364,0.955215692,0.832460733,0.425925926,0.809859155,1
0.422535211,0.290909091,0.198795181,0.150455927,0.092485549,0.076124567,0.204545455,0.955340815,0.811518325,0.398148148,0.852112676,2
0.436619718,0.272727273,0.198795181,0.053191489,0.106936416,0.128027682,0.352272727,0.952732488,0.832460733,0.342592593,0.873239437,1
0.528169014,0.277272727,0.228915663,0.021276596,0.13583815,0.103806228,0.215909091,0.954378333,0.842931937,0.481481481,0.809859155,2
0.457746479,0.2,0.162650602,0.024316109,0.112716763,0.124567474,0.263636364,0.954570829,0.884816754,0.527777778,0.774647887,2
0.64084507,0.245454545,0.271084337,0.161094225,0.101156069,0.096885813,0.281818182,0.959594987,0.837696335,0.425925926,0.732394366,3
0.570422535,0.3,0.13253012,0.079027356,0.13583815,0.083044983,0.343181818,0.957929893,0.842931937,0.435185185,0.725352113,1
0.436619718,0.481818182,0.012048193,0.013677812,0.101156069,0.020761246,0.184090909,0.955109819,0.848167539,0.324074074,0.669014085,0
0.457746479,0.254545455,0.174698795,0.041033435,0.10982659,0.089965398,0.243181818,0.954012589,0.869109948,0.37962963,0.816901408,2
0.5,0.181818182,0.210843373,0.048632219,0.098265896,0.07266436,0.243181818,0.954734451,0.814136126,0.5,0.781690141,1
0.478873239,0.254545455,0.259036145,0.11550152,0.086705202,0.103806228,0.25,0.954436082,0.806282723,0.546296296,0.88028169,3
0.408450704,0.254545455,0.210843373,0.034954407,0.153179191,0.124567474,0.259090909,0.955167568,0.858638743,0.462962963,0.718309859,0
0.415492958,0.595454545,0,0.085106383,0.095375723,0.027681661,0.070454545,0.956322547,0.869109948,0.472222222,0.73943662,0
0.507042254,0.154545455,0.168674699,0.266717325,0.144508671,0.114186851,0.35,0.962203315,0.769633508,0.398148148,0.633802817,2
0.521126761,0.363636364,0.174698795,0.082066869,0.12716763,0.107266436,0.277272727,0.95670754,0.863874346,0.462962963,0.781690141,3
0.450704225,0.390909091,0.162650602,0.016717325,0.156069364,0.017301038,0.25,0.956611292,0.848167539,0.481481481,0.64084507,0
0.471830986,0.281818182,0.180722892,0.036474164,0.10982659,0.103806228,0.188636364,0.951577509,0.808900524,0.333333333,0.901408451,2
0.535211268,0.281818182,0.138554217,0.193009119,0.156069364,0.069204152,0.315909091,0.960903964,0.827225131,0.462962963,0.683098592,0
0.457746479,0.390909091,0.108433735,0.199848024,0.092485549,0.08650519,0.297727273,0.958295636,0.845549738,0.472222222,0.753521127,1
0.563380282,0.209090909,0.277108434,0.022796353,0.086705202,0.103806228,0.284090909,0.953531348,0.845549738,0.435185185,0.88028169,1
0.535211268,0.209090909,0.385542169,0.196048632,0.095375723,0.186851211,0.386363636,0.96055747,0.785340314,0.490740741,0.61971831,1
0.450704225,0.227272727,0.445783133,0.118541033,0.130057803,0.179930796,0.475,0.958247512,0.840314136,0.388888889,0.647887324,1
0.422535211,0.359090909,0,0.021276596,0.121387283,0.024221453,0.125,0.954156962,0.882198953,0.351851852,0.788732394,0
0.521126761,0.409090909,0.192771084,0.107902736,0.12716763,0.058823529,0.265909091,0.958825001,0.869109948,0.37962963,0.732394366,0
0.507042254,0.418181818,0.391566265,0.158054711,0.144508671,0.262975779,0.436363636,0.960172477,0.827225131,0.388888889,0.612676056,1
0.485915493,0.227272727,0.156626506,0.079027356,0.069364162,0.124567474,0.306818182,0.957477526,0.827225131,0.666666667,0.753521127,2
0.478873239,0.181818182,0.162650602,0.018237082,0.098265896,0.065743945,0.154545455,0.953050107,0.821989529,0.342592593,0.823943662,0
0.450704225,0.3,0.144578313,0.14893617,0.11849711,0.100346021,0.247727273,0.958247512,0.861256545,0.435185185,0.711267606,1
0.471830986,0.227272727,0.156626506,0.023556231,0.11849711,0.410034602,0.490909091,0.957573774,0.929319372,0.583333333,0.661971831,0
0.429577465,0.227272727,0.168674699,0.151975684,0.158959538,0.193771626,0.297727273,0.95670754,0.842931937,0.324074074,0.767605634,1
0.478873239,0.163636364,0.228915663,0.021276596,0.10982659,0.121107266,0.252272727,0.954590079,0.869109948,0.546296296,0.788732394,2
0.485915493,0.372727273,0.13253012,0.063829787,0.089595376,0.034602076,0.231818182,0.955745058,0.785340314,0.796296296,0.816901408,0
0.507042254,0.290909091,0.28313253,0.077507599,0.12716763,0.065743945,0.147727273,0.953820093,0.793193717,0.37962963,0.887323944,0
0.570422535,0.254545455,0.277108434,0.234042553,0.170520231,0.110726644,0.402272727,0.962867428,0.856020942,0.537037037,0.633802817,0
0.485915493,0.109090909,0.21686747,0.03343465,0.106936416,0.062283737,0.252272727,0.954686327,0.892670157,0.759259259,0.838028169,3
0.471830986,0.3,0.204819277,0.113981763,0.104046243,0.134948097,0.281818182,0.954041464,0.782722513,0.296296296,0.873239437,3
0.485915493,0.163636364,0.21686747,0.019756839,0.104046243,0.138408304,0.265909091,0.956130051,0.856020942,0.87962963,0.669014085,2
0.5,0.427272727,0.174698795,0.224924012,0.069364162,0.076124567,0.322727273,0.957843269,0.816753927,0.444444444,0.845070423,3
0.5,0.254545455,0.265060241,0.027355623,0.092485549,0.110726644,0.243181818,0.953531348,0.85078534,0.444444444,0.85915493,2
0.5,0.236363636,0.222891566,0.083586626,0.072254335,0.107266436,0.238636364,0.953646846,0.80104712,0.305555556,0.887323944,3
0.5,0.245454545,0.162650602,0.158054711,0.11849711,0.089965398,0.259090909,0.956081927,0.795811518,0.481481481,0.809859155,2
0.457746479,0.363636364,0.186746988,0.053191489,0.132947977,0.076124567,0.334090909,0.953088606,0.82460733,0.287037037,0.845070423,2
0.464788732,0.254545455,0.054216867,0.165653495,0.147398844,0.128027682,0.297727273,0.958305261,0.767015707,0.574074074,0.669014085,1
0.549295775,0.272727273,0.174698795,0.256079027,0.156069364,0.079584775,0.306818182,0.962289938,0.827225131,0.351851852,0.633802817,1
0.408450704,0.290909091,0.168674699,0.065349544,0.092485549,0.15916955,0.261363636,0.95233787,0.827225131,0.527777778,0.915492958,3
0.556338028,0.581818182,0.277108434,0.161094225,0.705202312,0.114186851,0.515909091,0.960846215,0.751308901,0.685185185,0.64084507,0
0.443661972,0.372727273,0.180722892,0.048632219,0.086705202,0.169550173,0.372727273,0.955456313,0.92408377,0.731481481,0.823943662,2
0.521126761,0.145454545,0.180722892,0.208206687,0.161849711,0.114186851,0.381818182,0.96079809,0.759162304,0.407407407,0.612676056,2
0.605633803,0.309090909,0.21686747,0.021276596,0.130057803,0.038062284,0.270454545,0.958209013,0.829842932,0.435185185,0.661971831,0
0.535211268,0.345454545,0.120481928,0.051671733,0.132947977,0.031141869,0.263636364,0.957092533,0.82460733,0.37962963,0.661971831,1
0.478873239,0.181818182,0.15060241,0.094224924,0.150289017,0.076124567,0.240909091,0.956226299,0.808900524,0.5,0.76056338,1
0.457746479,0.472727273,0.102409639,0.021276596,0.13583815,0.017301038,0.059090909,0.955937554,0.853403141,0.296296296,0.704225352,0
0.415492958,0.290909091,0.168674699,0.071428571,0.112716763,0.117647059,0.213636364,0.952511117,0.842931937,0.527777778,0.922535211,2
0.464788732,0.190909091,0.228915663,0.03343465,0.075144509,0.138408304,0.236363636,0.954205086,0.85078534,0.37037037,0.781690141,3
0.647887324,0.172727273,0.253012048,0.030395137,0.13583815,0.055363322,0.236363636,0.957833645,0.808900524,0.611111111,0.704225352,0
0.429577465,0.254545455,0.162650602,0.071428571,0.086705202,0.193771626,0.318181818,0.953261853,0.827225131,0.388888889,0.88028169,3
0.436619718,0.3,0.162650602,0.074468085,0.104046243,0.103806228,0.304545455,0.955456313,0.837696335,0.388888889,0.732394366,2
0.478873239,0.663636364,0.120481928,0.100303951,0.156069364,0.08650519,0.147727273,0.955976053,0.816753927,0.259259259,0.781690141,0
0.521126761,0.154545455,0.240963855,0.083586626,0.106936416,0.117647059,0.365909091,0.956226299,0.798429319,0.574074074,0.809859155,0
0.514084507,0.172727273,0.162650602,0.211246201,0.164739884,0.155709343,0.352272727,0.960624844,0.769633508,0.37962963,0.61971831,3
0.450704225,0.227272727,0.198795181,0.021276596,0.115606936,0.14532872,0.261363636,0.9534351,0.835078534,0.444444444,0.795774648,2
0.457746479,0.318181818,0.21686747,0.012158055,0.098265896,0.110726644,0.252272727,0.952299371,0.814136126,0.462962963,0.852112676,3
0.422535211,0.154545455,0.198795181,0.09118541,0.104046243,0.103806228,0.252272727,0.956341797,0.869109948,0.537037037,0.714788732,2
0.443661972,0.2,0.259036145,0.069148936,0.10982659,0.107266436,0.295454545,0.954590079,0.876963351,0.305555556,0.809859155,2
0.830985915,0.209090909,0.228915663,0.168693009,0.098265896,0.051903114,0.279545455,0.96219369,0.767015707,0.509259259,0.683098592,0
0.429577465,0.254545455,0.144578313,0.303191489,0.213872832,0.110726644,0.395454545,0.961731698,0.835078534,0.407407407,0.654929577,1
0.570422535,0.245454545,0.210843373,0.025835866,0.086705202,0.131487889,0.234090909,0.955311941,0.842931937,0.583333333,0.732394366,3
0.478873239,0.572727273,0.024096386,0.019756839,0.167630058,0.08650519,0.302272727,0.955465938,0.829842932,0.361111111,0.718309859,0
0.457746479,0.263636364,0.180722892,0.139057751,0.147398844,0.08650519,0.377272727,0.956120426,0.848167539,0.518518519,0.799295775,1
0.521126761,0.272727273,0.13253012,0.021276596,0.132947977,0.055363322,0.306818182,0.955552561,0.806282723,0.712962963,0.732394366,2
0.471830986,0.272727273,0.301204819,0.183890578,0.130057803,0.131487889,0.288636364,0.95997998,0.795811518,0.490740741,0.626760563,1
0.485915493,0.172727273,0.361445783,0.060790274,0.106936416,0.020761246,0.277272727,0.955311941,0.764397906,0.546296296,0.732394366,0
0.394366197,0.163636364,0.180722892,0.155015198,0.080924855,0.096885813,0.297727273,0.958055015,0.913612565,0.388888889,0.76056338,2
0.5,0.227272727,0.234939759,0.031914894,0.104046243,0.103806228,0.281818182,0.953627596,0.858638743,0.398148148,0.85915493,3
0.514084507,0.290909091,0.210843373,0.021276596,0.144508671,0.027681661,0.370454545,0.955206067,0.848167539,0.388888889,0.753521127,1
0.528169014,0.254545455,0.246987952,0.019756839,0.12716763,0.038062284,0.286363636,0.955677684,0.858638743,0.416666667,0.725352113,1
0.485915493,0.272727273,0.198795181,0.06231003,0.101156069,0.089965398,0.352272727,0.955263816,0.85078534,0.731481481,0.866197183,3
0.450704225,0.290909091,0.210843373,0.072948328,0.086705202,0.117647059,0.229545455,0.954012589,0.879581152,0.555555556,0.88028169,3
0.471830986,0.218181818,0.192771084,0.136778116,0.066473988,0.069204152,0.247727273,0.955379314,0.87434555,0.324074074,0.887323944,1
0.577464789,0.336363636,0.21686747,0.015197568,0.098265896,0.058823529,0.211363636,0.9534351,0.795811518,0.296296296,0.823943662,3
0.38028169,0.409090909,0.162650602,0.097264438,0.095375723,0.069204152,0.231818182,0.95231862,0.842931937,0.25,0.943661972,3
0.408450704,0.35,0.15060241,0.056231003,0.089595376,0.131487889,0.277272727,0.954089588,0.837696335,0.583333333,0.788732394,1
0.436619718,0.181818182,0.168674699,0.016717325,0.112716763,0.083044983,0.177272727,0.952761362,0.879581152,0.435185185,0.852112676,1
0.521126761,0.145454545,0.180722892,0.208206687,0.161849711,0.114186851,0.381818182,0.96079809,0.759162304,0.407407407,0.612676056,2
0.429577465,0.4,0.168674699,0.064589666,0.092485549,0.148788927,0.3,0.954397582,0.853403141,0.435185185,0.795774648,2
0.35915493,0.277272727,0.078313253,0.026595745,0.104046243,0.058823529,0.165909091,0.95285761,0.890052356,0.472222222,0.868544601,1
0.429577465,0.327272727,0.162650602,0.031914894,0.101156069,0.055363322,0.227272727,0.95449383,0.890052356,0.657407407,0.809859155,2
0.577464789,0.618181818,0.180722892,0.031914894,0.13583815,0.058823529,0.313636364,0.957670023,0.842931937,0.657407407,0.76056338,0
0.64084507,0.536363636,0.228915663,0.024316109,0.190751445,0.117647059,0.413636364,0.959402491,0.845549738,0.351851852,0.598591549,0
0.521126761,0.227272727,0.168674699,0.110182371,0.080924855,0.048442907,0.177272727,0.955148319,0.769633508,0.342592593,0.809859155,2
0.563380282,0.290909091,0.156626506,0.018237082,0.144508671,0.039792388,0.2,0.95728503,0.848167539,0.342592593,0.669014085,0
0.464788732,0.136363636,0.192771084,0.09118541,0.095375723,0.204152249,0.290909091,0.954705577,0.835078534,0.657407407,0.852112676,3
0.478873239,0.172727273,0.192771084,0.107142857,0.054913295,0.186851211,0.427272727,0.956226299,0.85078534,0.342592593,0.781690141,3
0.485915493,0.190909091,0.144578313,0.027355623,0.060693642,0.058823529,0.181818182,0.952780612,0.82460733,0.425925926,0.866197183,2
0.450704225,0.209090909,0.192771084,0.02887538,0.10982659,0.138408304,0.268181818,0.953569847,0.869109948,0.490740741,0.830985915,2
0.471830986,0.490909091,0.162650602,0.107902736,0.141618497,0.027681661,0.404545455,0.957689272,0.827225131,0.351851852,0.661971831,0
0.514084507,0.227272727,0.21686747,0.031914894,0.098265896,0.103806228,0.402272727,0.95367572,0.85078534,0.37037037,0.838028169,3
0.429577465,0.113636364,0.15060241,0.050151976,0.115606936,0.034602076,0.156818182,0.956130051,0.926701571,0.546296296,0.711267606,1
0.61971831,0.318181818,0.295180723,0.015197568,0.104046243,0.048442907,0.127272727,0.954782575,0.77486911,0.305555556,0.73943662,0
0.507042254,0.281818182,0.210843373,0.109422492,0.132947977,0.155709343,0.404545455,0.958151264,0.821989529,0.490740741,0.683098592,1
0.443661972,0.118181818,0.253012048,0.016717325,0.124277457,0.21799308,0.331818182,0.953492849,0.819371728,0.666666667,0.788732394,2
0.436619718,0.227272727,0.325301205,0.106382979,0.132947977,0.200692042,0.4,0.957227281,0.835078534,0.648148148,0.732394366,1
0.5,0.327272727,0.240963855,0.029635258,0.095375723,0.089965398,0.268181818,0.952222372,0.837696335,0.416666667,0.950704225,2
0.563380282,0.172727273,0.21686747,0.027355623,0.144508671,0.055363322,0.190909091,0.956322547,0.82460733,0.416666667,0.690140845,2
0.514084507,0.172727273,0.162650602,0.211246201,0.164739884,0.155709343,0.352272727,0.960624844,0.769633508,0.37962963,0.61971831,3
0.450704225,0.290909091,0.15060241,0.075987842,0.158959538,0.096885813,0.313636364,0.954503455,0.856020942,0.462962963,0.873239437,3
0.457746479,0.3,0.180722892,0.05775076,0.104046243,0.117647059,0.2,0.953127105,0.85078534,0.583333333,0.88028169,2
0.485915493,0.254545455,0.246987952,0.025835866,0.144508671,0.034602076,0.309090909,0.955745058,0.827225131,0.657407407,0.802816901,1
0.507042254,0.236363636,0.265060241,0.107902736,0.078034682,0.08650519,0.286363636,0.955745058,0.790575916,0.314814815,0.781690141,3
0.471830986,0.3,0.21686747,0.100303951,0.121387283,0.117647059,0.263636364,0.954041464,0.777486911,0.287037037,0.85915493,3
0.485915493,0.209090909,0.204819277,0.060790274,0.13583815,0.083044983,0.290909091,0.957092533,0.837696335,0.481481481,0.683098592,1
0.485915493,0.327272727,0.168674699,0.205927052,0.138728324,0.176470588,0.429545455,0.960384223,0.785340314,0.555555556,0.669014085,2
0.584507042,0.3,0.259036145,0.139817629,0.132947977,0.076124567,0.286363636,0.960749966,0.884816754,0.435185185,0.654929577,1
0.485915493,0.181818182,0.204819277,0.02887538,0.124277457,0.08650519,0.309090909,0.956226299,0.866492147,0.555555556,0.711267606,0
0.507042254,0.281818182,0.210843373,0.109422492,0.132947977,0.155709343,0.404545455,0.958151264,0.821989529,0.490740741,0.683098592,1
0.373239437,0.427272727,0.060240964,0.019756839,0.104046243,0.038062284,0.168181818,0.953646846,0.910994764,0.5,0.788732394,0
0.464788732,0.136363636,0.192771084,0.09118541,0.095375723,0.204152249,0.290909091,0.954705577,0.835078534,0.657407407,0.852112676,3
0.408450704,0.172727273,0.295180723,0.074468085,0.115606936,0.152249135,0.268181818,0.956226299,0.87434555,0.351851852,0.669014085,2
0.5,0.581818182,0.295180723,0.027355623,0.144508671,0.058823529,0.290909091,0.95728503,0.866492147,0.537037037,0.746478873,0
0.492957746,0.154545455,0.21686747,0.097264438,0.158959538,0.14532872,0.279545455,0.955918304,0.814136126,0.462962963,0.774647887,3
0.535211268,0.281818182,0.295180723,0.203647416,0.179190751,0.173010381,0.434090909,0.961423704,0.842931937,0.490740741,0.633802817,0
0.429577465,0.172727273,0.222891566,0.039513678,0.11849711,0.083044983,0.225,0.954330208,0.832460733,0.462962963,0.767605634,1
0.605633803,0.5,0.210843373,0.236322188,0.164739884,0.12283737,0.832954545,0.962578683,0.795811518,0.583333333,0.774647887,0
0.485915493,0.327272727,0.210843373,0.130699088,0.10982659,0.128027682,0.284090909,0.954397582,0.785340314,0.296296296,0.873239437,3
0.35915493,0.3,0.13253012,0.024316109,0.078034682,0.062283737,0.202272727,0.952183873,0.918848168,0.351851852,0.88028169,2
0.436619718,0.231818182,0.144578313,0.025835866,0.112716763,0.479238754,0.618181818,0.957208031,0.92408377,0.490740741,0.676056338,0
0.464788732,0.145454545,0.21686747,0.016717325,0.089595376,0.093425606,0.211363636,0.951741131,0.845549738,0.314814815,0.929577465,3
0.549295775,0.163636364,0.277108434,0.191489362,0.121387283,0.141868512,0.325,0.962482435,0.848167539,0.703703704,0.598591549,3
0.408450704,0.290909091,0.186746988,0.041033435,0.141618497,0.08650519,0.347727273,0.953502474,0.90052356,0.675925926,0.85915493,2
0.471830986,0.181818182,0.144578313,0.098784195,0.12716763,0.096885813,0.227272727,0.956207049,0.816753927,0.305555556,0.718309859,1
0.471830986,0.163636364,0.222891566,0.019756839,0.078034682,0.14532872,0.284090909,0.952270496,0.848167539,0.342592593,0.901408451,2
0.352112676,0.245454545,0.192771084,0.068389058,0.092485549,0.200692042,0.404545455,0.952434118,0.903141361,0.287037037,0.887323944,2
0.464788732,0.190909091,0.174698795,0.081306991,0.083815029,0.148788927,0.240909091,0.953935591,0.767015707,0.398148148,0.809859155,2
0.415492958,0.227272727,0.162650602,0.022796353,0.083815029,0.128027682,0.184090909,0.952087624,0.837696335,0.425925926,0.85915493,1
0.401408451,0.245454545,0.192771084,0.018237082,0.132947977,0.069204152,0.352272727,0.956130051,0.994764398,0.37962963,0.718309859,1
0.5,0.163636364,0.295180723,0.019756839,0.095375723,0.041522491,0.163636364,0.953550598,0.798429319,0.490740741,0.795774648,2
0.535211268,0.272727273,0.228915663,0.031914894,0.124277457,0.034602076,0.222727273,0.955706558,0.829842932,0.601851852,0.774647887,1
0.528169014,0.309090909,0.144578313,0.058510638,0.089595376,0.017301038,0.077272727,0.953800843,0.787958115,0.333333333,0.830985915,0
0.457746479,0.390909091,0.186746988,0.054711246,0.132947977,0.065743945,0.325,0.953069356,0.82460733,0.314814815,0.845070423,3
0.415492958,0.190909091,0.168674699,0.069908815,0.153179191,0.138408304,0.452272727,0.959017498,0.97382199,0.648148148,0.704225352,0
0.492957746,0.554545455,0.156626506,0.025835866,0.147398844,0.08650519,0.365909091,0.95728503,0.879581152,0.555555556,0.746478873,0
0.464788732,0.236363636,0.126506024,0.044072948,0.075144509,0.166089965,0.286363636,0.95371422,0.842931937,0.351851852,0.795774648,2
0.394366197,0.309090909,0.060240964,0.019756839,0.089595376,0.069204152,0.154545455,0.9534351,0.879581152,0.472222222,0.788732394,2
0.584507042,0.163636364,0.180722892,0.016717325,0.095375723,0.069204152,0.129545455,0.953906716,0.790575916,0.472222222,0.774647887,1
0.443661972,0.218181818,0.222891566,0.027355623,0.089595376,0.020761246,0.138636364,0.952568866,0.863874346,0.314814815,0.85915493,0
0.422535211,0.218181818,0.168674699,0.060030395,0.10982659,0.211072664,0.304545455,0.954262835,0.863874346,0.5,0.795774648,2
0.521126761,0.118181818,0.234939759,0.071428571,0.121387283,0.124567474,0.311363636,0.957670023,0.879581152,0.518518519,0.725352113,2
0.387323944,0.309090909,0.156626506,0.03343465,0.060693642,0.107266436,0.270454545,0.952078,0.929319372,0.453703704,0.915492958,3
0.556338028,0.263636364,0.21686747,0.168693009,0.095375723,0.148788927,0.472727273,0.959498739,0.821989529,0.425925926,0.725352113,1
0.485915493,0.290909091,0.096385542,0.021276596,0.147398844,0.051903114,0.218181818,0.95670754,0.842931937,0.351851852,0.669014085,0
0.373239437,0.690909091,0.018072289,0.041033435,0.124277457,0.093425606,0.211363636,0.955937554,0.87434555,0.351851852,0.647887324,1
0.471830986,0.154545455,0.222891566,0.030395137,0.112716763,0.117647059,0.284090909,0.954975072,0.853403141,0.555555556,0.76056338,2
0.464788732,0.227272727,0.234939759,0.022036474,0.115606936,0.138408304,0.202272727,0.953916341,0.876963351,0.37037037,0.802816901,2
0.457746479,0.3,0.43373494,0.016717325,0.176300578,0.024221453,0.343181818,0.955745058,0.808900524,0.527777778,0.669014085,0
0.394366197,0.181818182,0.21686747,0.037993921,0.138728324,0.055363322,0.284090909,0.955571811,0.913612565,0.453703704,0.704225352,1
0.422535211,0.536363636,0,0.012158055,0.106936416,0.103806228,0.215909091,0.953165605,0.811518325,0.37037037,0.767605634,0
0.408450704,0.286363636,0.162650602,0.023556231,0.075144509,0.051903114,0.159090909,0.952799861,0.882198953,0.37037037,0.838028169,3
0.514084507,0.140909091,0.295180723,0.019756839,0.112716763,0.117647059,0.309090909,0.955360065,0.821989529,0.712962963,0.73943662,1
0.429577465,0.281818182,0.222891566,0.127659574,0.089595376,0.242214533,0.386363636,0.956130051,0.895287958,0.37037037,0.823943662,3
0.450704225,0.154545455,0.162650602,0.150455927,0.13583815,0.089965398,0.229545455,0.958594006,0.87434555,0.462962963,0.697183099,1
0.436619718,0.218181818,0.174698795,0.20212766,0.112716763,0.169550173,0.295454545,0.957862519,0.871727749,0.425925926,0.774647887,3
0.478873239,0.163636364,0.222891566,0.022796353,0.078034682,0.128027682,0.211363636,0.954782575,0.863874346,0.416666667,0.76056338,1
0.514084507,0.172727273,0.162650602,0.211246201,0.164739884,0.155709343,0.352272727,0.960624844,0.769633508,0.37962963,0.61971831,3
0.528169014,0.263636364,0.156626506,0.227203647,0.193641618,0.162629758,0.404545455,0.960923213,0.795811518,0.453703704,0.647887324,0
0.492957746,0.418181818,0.234939759,0.094224924,0.112716763,0.15916955,0.370454545,0.955552561,0.840314136,0.324074074,0.85915493,2
0.450704225,0.245454545,0.114457831,0.030395137,0.242774566,0.07266436,0.434090909,0.95782402,0.913612565,0.583333333,0.676056338,0
0.492957746,0.109090909,0.174698795,0.156534954,0.112716763,0.141868512,0.222727273,0.958286011,0.835078534,0.351851852,0.690140845,3
0.514084507,0.172727273,0.162650602,0.211246201,0.164739884,0.155709343,0.352272727,0.960624844,0.769633508,0.37962963,0.61971831,3
0.485915493,0.354545455,0.13253012,0.065349544,0.086705202,0.034602076,0.231818182,0.955745058,0.785340314,0.805555556,0.816901408,0
0.521126761,0.181818182,0.198795181,0.02887538,0.101156069,0.134948097,0.313636364,0.953820093,0.829842932,0.407407407,0.823943662,2
0.464788732,0.381818182,0.078313253,0.194528875,0.12716763,0.089965398,0.359090909,0.960287975,0.848167539,0.435185185,0.633802817,1
0.436619718,0.145454545,0.325301205,0.021276596,0.36416185,0.128027682,0.25,0.955937554,0.845549738,0.342592593,0.626760563,1
0.408450704,0.218181818,0.265060241,0.053191489,0.083815029,0.017301038,0.247727273,0.954108838,0.92408377,0.398148148,0.823943662,0
0.492957746,0.290909091,0.174698795,0.11550152,0.072254335,0.121107266,0.281818182,0.954416832,0.82460733,0.601851852,0.901408451,2
0.514084507,0.290909091,0.210843373,0.021276596,0.144508671,0.027681661,0.370454545,0.955206067,0.848167539,0.388888889,0.753521127,1
0.422535211,0.318181818,0.277108434,0.013677812,0.095375723,0.031141869,0.147727273,0.952222372,0.848167539,0.324074074,0.852112676,0
0.521126761,0.254545455,0.21686747,0.016717325,0.080924855,0.14532872,0.238636364,0.952183873,0.782722513,0.361111111,0.873239437,2
0.514084507,0.327272727,0.204819277,0.224924012,0.164739884,0.15916955,0.393181818,0.960085853,0.821989529,0.527777778,0.718309859,1
0.38028169,0.418181818,0.090361446,0.031914894,0.075144509,0.100346021,0.295454545,0.952405244,0.887434555,0.712962963,0.943661972,3
0.492957746,0.154545455,0.445783133,0.194528875,0.130057803,0.083044983,0.286363636,0.956900037,0.853403141,0.351851852,0.85915493,3
0.415492958,0.436363636,0.180722892,0.022796353,0.106936416,0.065743945,0.177272727,0.953406225,0.908376963,0.388888889,0.838028169,2
0.429577465,0.290909091,0.222891566,0.027355623,0.147398844,0.044982699,0.454545455,0.957188781,0.913612565,0.407407407,0.73943662,0
0.5,0.481818182,0.144578313,0.012158055,0.083815029,0.100346021,0.195454545,0.955745058,0.827225131,0.296296296,0.64084507,0
0.443661972,0.345454545,0.102409639,0.133738602,0.231213873,0.173010381,0.481818182,0.960586344,0.908376963,0.611111111,0.661971831,0
0.514084507,0.172727273,0.162650602,0.211246201,0.164739884,0.155709343,0.352272727,0.960624844,0.769633508,0.37962963,0.61971831,3
0.471830986,0.145454545,0.168674699,0.037993921,0.132947977,0.138408304,0.347727273,0.954878823,0.884816754,0.472222222,0.802816901,2
0.408450704,0.290909091,0.168674699,0.065349544,0.092485549,0.15916955,0.261363636,0.95233787,0.827225131,0.527777778,0.915492958,3
0.584507042,0.163636364,0.180722892,0.016717325,0.095375723,0.069204152,0.129545455,0.953906716,0.790575916,0.472222222,0.774647887,1
0.422535211,0.209090909,0.090361446,0.147416413,0.138728324,0.349480969,0.470454545,0.958353385,0.798429319,0.277777778,0.64084507,1
0.521126761,0.145454545,0.162650602,0.23556231,0.144508671,0.08650519,0.306818182,0.960942463,0.759162304,0.398148148,0.612676056,2
0.528169014,0.218181818,0.295180723,0.142857143,0.138728324,0.173010381,0.338636364,0.958825001,0.829842932,0.546296296,0.73943662,2
0.408450704,0.272727273,0.253012048,0.016717325,0.104046243,0.065743945,0.256818182,0.951616008,0.811518325,0.425925926,0.887323944,2
0.5,0.236363636,0.295180723,0.03343465,0.092485549,0.107266436,0.256818182,0.953146355,0.882198953,0.388888889,0.908450704,3
0.5,0.4,0.373493976,0.179331307,0.12716763,0.179930796,0.345454545,0.960076229,0.816753927,0.425925926,0.612676056,1
0.563380282,0.118181818,0.15060241,0.016717325,0.095375723,0.051903114,0.195454545,0.953281103,0.780104712,0.361111111,0.788732394,3
0.429577465,0.154545455,0.168674699,0.037993921,0.080924855,0.076124567,0.222727273,0.953550598,0.827225131,0.342592593,0.781690141,2
0.492957746,0.136363636,0.168674699,0.223404255,0.147398844,0.100346021,0.338636364,0.960480471,0.77486911,0.361111111,0.633802817,2
0.457746479,0.290909091,0.289156627,0.121580547,0.075144509,0.062283737,0.2,0.954243585,0.842931937,0.731481481,0.894366197,0
0.478873239,0.4,0.222891566,0.077507599,0.13583815,0.15916955,0.456818182,0.956515044,0.806282723,0.601851852,0.73943662,0
0.535211268,0.263636364,0.156626506,0.098784195,0.121387283,0.110726644,0.363636364,0.957092533,0.821989529,0.435185185,0.753521127,1
0.485915493,0.327272727,0.204819277,0.063829787,0.052023121,0.197231834,0.270454545,0.952665114,0.858638743,0.333333333,0.894366197,3
0.647887324,0.163636364,0.295180723,0.022796353,0.11849711,0.134948097,0.295454545,0.957188781,0.795811518,0.453703704,0.690140845,2
0.457746479,0.236363636,0.186746988,0.054711246,0.086705202,0.124567474,0.209090909,0.953107856,0.842931937,0.574074074,0.887323944,3
0.464788732,0.318181818,0.114457831,0.159574468,0.173410405,0.051903114,0.186363636,0.958517007,0.819371728,0.351851852,0.697183099,0
0.521126761,0.245454545,0.186746988,0.036474164,0.040462428,0.051903114,0.325,0.953762344,0.793193717,0.601851852,0.845070423,0
0.429577465,0.281818182,0.34939759,0.075987842,0.112716763,0.124567474,0.259090909,0.953723845,0.863874346,0.555555556,0.866197183,3
0.443661972,0.245454545,0.307228916,0.11550152,0.141618497,0.121107266,0.454545455,0.958132014,0.827225131,0.5,0.661971831,0
0.563380282,0.309090909,0.295180723,0.136778116,0.095375723,0.134948097,0.409090909,0.956322547,0.819371728,0.351851852,0.866197183,3
0.429577465,0.345454545,0.084337349,0.059270517,0.173410405,0.093425606,0.256818182,0.95616855,0.803664921,0.314814815,0.647887324,0
0.471830986,0.281818182,0.186746988,0.150455927,0.115606936,0.034602076,0.397727273,0.957958767,0.905759162,0.509259259,0.802816901,0
0.478873239,0.254545455,0.259036145,0.11550152,0.086705202,0.103806228,0.25,0.954436082,0.806282723,0.546296296,0.88028169,3
0.450704225,0.318181818,0.168674699,0.024316109,0.106936416,0.107266436,0.256818182,0.950730524,0.816753927,0.37037037,1,2
0.542253521,0.109090909,0.192771084,0.021276596,0.173410405,0.162629758,0.340909091,0.957862519,0.882198953,0.388888889,0.647887324,1
0.457746479,0.072727273,0.198795181,0.02887538,0.080924855,0.079584775,0.211363636,0.953820093,0.87434555,0.648148148,0.845070423,2
0.429577465,1,0.096385542,0.066869301,0.095375723,0.027681661,0.247727273,0.95341585,0.876963351,0.435185185,0.873239437,0
0.661971831,0.145454545,0.180722892,0.021276596,0.121387283,0.089965398,0.4,0.958055015,0.82460733,0.425925926,0.64084507,1
0.485915493,0.290909091,0.156626506,0.034954407,0.086705202,0.038062284,0.234090909,0.953877842,0.80104712,0.388888889,0.781690141,1
0.514084507,0.227272727,0.21686747,0.199088146,0.144508671,0.121107266,0.454545455,0.961134959,0.795811518,0.425925926,0.626760563,2
0.464788732,0.345454545,0.108433735,0.018237082,0.121387283,0.069204152,0.190909091,0.955456313,0.842931937,0.416666667,0.711267606,0
0.366197183,0.4,0.024096386,0.021276596,0.104046243,0.148788927,0.270454545,0.952280121,0.879581152,0.305555556,0.852112676,3
0.436619718,0.272727273,0.192771084,0.019756839,0.156069364,0.093425606,0.415909091,0.955417814,0.863874346,0.398148148,0.711267606,1
0.563380282,0.327272727,0.259036145,0.153495441,0.153179191,0.100346021,0.331818182,0.960749966,0.890052356,0.425925926,0.669014085,1
0.457746479,0.345454545,0.319277108,0.021276596,0.410404624,0.017301038,0.156818182,0.955360065,0.821989529,0.481481481,0.711267606,0
0.514084507,0.218181818,0.234939759,0.054711246,0.069364162,0.121107266,0.263636364,0.955552561,0.829842932,0.472222222,0.767605634,1
0.5,0.236363636,0.186746988,0.03343465,0.12716763,0.100346021,0.290909091,0.956418795,0.87434555,0.592592593,0.767605634,3
0.570422535,0.154545455,0.265060241,0.214285714,0.153179191,0.148788927,0.329545455,0.963059924,0.858638743,0.694444444,0.61971831,3
0.366197183,0.281818182,0.120481928,0.036474164,0.078034682,0.093425606,0.265909091,0.95176038,0.931937173,0.416666667,0.915492958,2
0.457746479,0.3,0.144578313,0.220364742,0.138728324,0.069204152,0.218181818,0.95724653,0.80104712,0.277777778,0.809859155,3
0.492957746,0.136363636,0.168674699,0.223404255,0.147398844,0.100346021,0.338636364,0.960480471,0.77486911,0.361111111,0.633802817,2
0.450704225,0.209090909,0.210843373,0.069908815,0.112716763,0.148788927,0.334090909,0.954936572,0.832460733,0.37037037,0.774647887,2
0.718309859,0.4,0.530120482,0.094224924,0.141618497,0.069204152,0.281818182,0.959402491,0.782722513,0.472222222,0.697183099,0
0.507042254,0.172727273,0.186746988,0.021276596,0.132947977,0.128027682,0.306818182,0.956611292,0.87434555,0.527777778,0.718309859,2
0.584507042,0.245454545,0.271084337,0.019756839,0.138728324,0.027681661,0.163636364,0.957092533,0.806282723,0.564814815,0.725352113,0
0.408450704,0.3,0.120481928,0.243920973,0.13583815,0.089965398,0.377272727,0.960172477,0.808900524,0.425925926,0.626760563,1
0.443661972,0.363636364,0.144578313,0.077507599,0.104046243,0.148788927,0.297727273,0.954647828,0.848167539,0.407407407,0.795774648,1
0.598591549,0.236363636,0.126506024,0.246200608,0.213872832,0.141868512,0.447727273,0.96055747,0.790575916,0.462962963,0.690140845,0
0.457746479,0.2,0.174698795,0.112462006,0.080924855,0.055363322,0.197727273,0.955850931,0.82460733,0.518518519,0.767605634,2
0.38028169,0.418181818,0.090361446,0.031914894,0.075144509,0.100346021,0.295454545,0.952405244,0.887434555,0.712962963,0.943661972,3
0.563380282,0.181818182,0.240963855,0.079027356,0.158959538,0.141868512,0.379545455,0.957958767,0.832460733,0.37037037,0.746478873,2
0.584507042,0.254545455,0.162650602,0.265957447,0.130057803,0.166089965,0.575,0.962617182,0.790575916,0.518518519,0.64084507,1
0.5,0.445454545,0.13253012,0.030395137,0.13583815,0.506920415,0.698863636,0.955167568,0.848167539,0.342592593,0.774647887,0
0.514084507,0.227272727,0.21686747,0.031914894,0.098265896,0.103806228,0.402272727,0.95367572,0.85078534,0.37037037,0.838028169,3
0.422535211,0.181818182,0.198795181,0.016717325,0.112716763,0.155709343,0.286363636,0.953348476,0.866492147,0.416666667,0.816901408,2
0.492957746,0.218181818,0.210843373,0.015197568,0.092485549,0.14532872,0.236363636,0.952742112,0.827225131,0.342592593,0.823943662,2
0.5,0.290909091,0.204819277,0.220364742,0.112716763,0.15916955,0.340909091,0.957670023,0.884816754,0.462962963,0.88028169,3
0.485915493,0.272727273,0.174698795,0.019756839,0.153179191,0.083044983,0.429545455,0.956341797,0.861256545,0.5,0.697183099,0
0.598591549,0.209090909,0.204819277,0.019756839,0.101156069,0.186851211,0.25,0.954551579,0.803664921,0.509259259,0.774647887,2
0.464788732,0.154545455,0.228915663,0.022796353,0.092485549,0.096885813,0.254545455,0.954205086,0.85078534,0.509259259,0.802816901,2
0.647887324,0.254545455,0.295180723,0.179331307,0.121387283,0.100346021,0.311363636,0.96055747,0.811518325,0.314814815,0.711267606,0
0.422535211,0.227272727,0.168674699,0.03343465,0.075144509,0.186851211,0.286363636,0.952665114,0.897905759,0.601851852,0.908450704,3
0.478873239,0.572727273,0.024096386,0.019756839,0.167630058,0.08650519,0.302272727,0.955465938,0.829842932,0.361111111,0.718309859,0
0.577464789,0.263636364,0.295180723,0.015197568,0.12716763,0.100346021,0.268181818,0.955552561,0.848167539,0.333333333,0.767605634,0
0.492957746,0.227272727,0.271084337,0.034954407,0.130057803,0.138408304,0.268181818,0.953473599,0.827225131,0.444444444,0.838028169,2
0.507042254,0.363636364,0.373493976,0.164133739,0.11849711,0.242214533,0.429545455,0.960172477,0.806282723,0.453703704,0.605633803,0
0.577464789,0.2,0.21686747,0.103343465,0.098265896,0.041522491,0.204545455,0.957092533,0.787958115,0.351851852,0.73943662,3
0.492957746,0.272727273,0.307228916,0.20668693,0.144508671,0.138408304,0.381818182,0.960172477,0.803664921,0.481481481,0.676056338,2
0.5,0.190909091,0.168674699,0.041033435,0.098265896,0.079584775,0.252272727,0.956755664,0.876963351,0.592592593,0.718309859,0
0.450704225,0.163636364,0.168674699,0.259118541,0.13583815,0.183391003,0.315909091,0.959825983,0.85078534,0.324074074,0.73943662,1
0.422535211,0.236363636,0.192771084,0.05775076,0.083815029,0.166089965,0.409090909,0.952963483,0.82460733,0.314814815,0.845070423,1
0.507042254,0.454545455,0,0.012158055,0.098265896,0.15916955,0.259090909,0.955937554,0.835078534,0.314814815,0.647887324,0
0.492957746,0.272727273,0.228915663,0.226443769,0.092485549,0.207612457,0.411363636,0.960846215,0.832460733,0.564814815,0.654929577,2
0.514084507,0.354545455,0.222891566,0.016717325,0.124277457,0.124567474,0.256818182,0.953820093,0.887434555,0.444444444,0.894366197,3
0.521126761,0.218181818,0.21686747,0.030395137,0.089595376,0.093425606,0.315909091,0.953386976,0.858638743,0.444444444,0.88028169,3
0.408450704,0.209090909,0.186746988,0.053191489,0.12716763,0.121107266,0.359090909,0.952838361,0.835078534,0.342592593,0.852112676,2
0.471830986,0.263636364,0.295180723,0.071428571,0.098265896,0.121107266,0.354545455,0.957188781,0.819371728,0.416666667,0.697183099,1
0.422535211,0.327272727,0.234939759,0.048632219,0.078034682,0.069204152,0.284090909,0.953820093,0.884816754,0.361111111,0.795774648,2
0.478873239,0.418181818,0.156626506,0.041033435,0.121387283,0.096885813,0.188636364,0.95395484,0.884816754,0.472222222,0.845070423,3
0.577464789,0.336363636,0.21686747,0.015197568,0.098265896,0.058823529,0.211363636,0.9534351,0.795811518,0.296296296,0.823943662,3
0.408450704,0.327272727,0.228915663,0.013677812,0.106936416,0.010380623,0.170454545,0.953242603,0.858638743,0.314814815,0.802816901,0
0.485915493,0.2,0.168674699,0.118541033,0.144508671,0.148788927,0.263636364,0.955995303,0.842931937,0.555555556,0.809859155,3
0.457746479,0.272727273,0.162650602,0.060790274,0.10982659,0.128027682,0.220454545,0.953107856,0.837696335,0.555555556,0.887323944,3
0.464788732,0.145454545,0.180722892,0.024316109,0.098265896,0.051903114,0.177272727,0.954782575,0.884816754,0.407407407,0.788732394,1
0.492957746,0.281818182,0.186746988,0.138297872,0.104046243,0.155709343,0.318181818,0.954936572,0.780104712,0.287037037,0.845070423,2
0.422535211,0.263636364,0.162650602,0.034954407,0.12716763,0.069204152,0.265909091,0.952376369,0.866492147,0.37962963,0.894366197,2
0.436619718,0.190909091,0.162650602,0.025835866,0.10982659,0.141868512,0.340909091,0.956033802,0.913612565,0.657407407,0.73943662,2
0.352112676,0.218181818,0.204819277,0.016717325,0.098265896,0.169550173,0.359090909,0.9506824,0.869109948,0.296296296,0.922535211,2
0.422535211,0.559090909,0.024096386,0.012158055,0.092485549,0.027681661,0.113636364,0.953204104,0.821989529,0.37037037,0.774647887,0
0.394366197,0.2,0.192771084,0.018237082,0.069364162,0.100346021,0.220454545,0.951154016,0.837696335,0.425925926,0.919014085,2
0.5,0.190909091,0.210843373,0.037993921,0.115606936,0.141868512,0.422727273,0.954089588,0.869109948,0.518518519,0.88028169,1
0.5,0.336363636,0.403614458,0.159574468,0.130057803,0.169550173,0.352272727,0.960076229,0.827225131,0.407407407,0.612676056,1
0.457746479,0.327272727,0.21686747,0.101823708,0.534682081,0.178200692,0.343181818,0.957939518,0.829842932,0.388888889,0.654929577,1
0.464788732,0.263636364,0.186746988,0.059270517,0.078034682,0.134948097,0.218181818,0.953194479,0.848167539,0.555555556,0.887323944,3
0.436619718,0.336363636,0.144578313,0.092705167,0.092485549,0.065743945,0.195454545,0.952222372,0.795811518,0.240740741,0.943661972,3
0.507042254,0.172727273,0.186746988,0.095744681,0.098265896,0.058823529,0.234090909,0.955793182,0.82460733,0.481481481,0.802816901,2
0.464788732,0.209090909,0.180722892,0.069908815,0.173410405,0.100346021,0.35,0.954224335,0.845549738,0.453703704,0.85915493,3
0.408450704,0.254545455,0.108433735,0.018237082,0.167630058,0.024221453,0.245454545,0.95562956,0.845549738,0.537037037,0.672535211,0
0.429577465,0.2,0.240963855,0.028115502,0.089595376,0.08650519,0.252272727,0.952530366,0.793193717,0.277777778,0.830985915,2
0.492957746,0.2,0.156626506,0.139817629,0.078034682,0.128027682,0.277272727,0.95505207,0.80104712,0.314814815,0.88028169,3
0.478873239,0.609090909,0.180722892,0.197568389,0.838150289,0.076124567,0.438636364,0.960942463,0.806282723,0.62037037,0.633802817,0
0.443661972,0.109090909,0.21686747,0.031914894,0.12716763,0.162629758,0.331818182,0.954205086,0.856020942,0.685185185,0.802816901,2
0.387323944,0.290909091,0.271084337,0.074468085,0.080924855,0.08650519,0.434090909,0.954975072,0.918848168,0.453703704,0.809859155,2
0.584507042,0.3,0.253012048,0.017477204,0.095375723,0.062283737,0.218181818,0.953916341,0.837696335,0.296296296,0.873239437,0
0.514084507,0.154545455,0.144578313,0.123100304,0.349710983,0.110726644,0.368181818,0.957747021,0.829842932,0.351851852,0.732394366,3
0.478873239,0.2,0.186746988,0.104863222,0.106936416,0.114186851,0.275,0.954551579,0.790575916,0.361111111,0.838028169,3
0.464788732,0.345454545,0.21686747,0.139817629,0.176300578,0.14532872,0.486363636,0.960172477,0.866492147,0.518518519,0.661971831,1
0.464788732,0.309090909,0.240963855,0.123100304,0.132947977,0.235294118,0.386363636,0.957612274,0.82460733,0.462962963,0.672535211,1
0.542253521,0.354545455,0.168674699,0.074468085,0.101156069,0.124567474,0.247727273,0.954590079,0.835078534,0.537037037,0.85915493,2
0.450704225,0.540909091,0.084337349,0.079027356,0.167630058,0.051903114,0.220454545,0.957766271,0.884816754,0.333333333,0.633802817,0
0.457746479,0.245454545,0.114457831,0.063829787,0.132947977,0.020761246,0.259090909,0.958151264,0.85078534,0.324074074,0.605633803,0
0.535211268,0.190909091,0.210843373,0.018237082,0.11849711,0.024221453,0.240909091,0.954205086,0.80104712,0.416666667,0.795774648,0
0.535211268,0.181818182,0.186746988,0.021276596,0.13583815,0.141868512,0.322727273,0.956130051,0.897905759,0.490740741,0.711267606,1
0.556338028,0.254545455,0.246987952,0.030395137,0.12716763,0.173010381,0.345454545,0.956130051,0.903141361,0.453703704,0.753521127,3
0.422535211,0.1,0.28313253,0.161094225,0.150289017,0.238754325,0.336363636,0.958440008,0.761780105,0.314814815,0.654929577,0
0.549295775,0.263636364,0.174698795,0.04787234,0.12716763,0.141868512,0.265909091,0.954330208,0.848167539,0.324074074,0.809859155,1
0.535211268,0.181818182,0.180722892,0.215805471,0.161849711,0.183391003,0.482954545,0.961519952,0.821989529,0.425925926,0.626760563,3
0.436619718,0.2,0.162650602,0.022796353,0.184971098,0.069204152,0.3,0.956515044,0.842931937,0.425925926,0.647887324,1
0.521126761,0.145454545,0.180722892,0.208206687,0.161849711,0.114186851,0.381818182,0.96079809,0.759162304,0.407407407,0.612676056,2
0.492957746,0.209090909,0.21686747,0.107902736,0.080924855,0.107266436,0.236363636,0.954975072,0.876963351,0.435185185,0.852112676,3
0.591549296,0.263636364,0.174698795,0.015957447,0.092485549,0.01384083,0.125,0.953627596,0.761780105,0.296296296,0.802816901,0
0.514084507,0.227272727,0.21686747,0.199088146,0.144508671,0.121107266,0.454545455,0.961134959,0.795811518,0.425925926,0.626760563,2
0.535211268,0.209090909,0.156626506,0.232522796,0.193641618,0.110726644,0.377272727,0.961134959,0.793193717,0.407407407,0.647887324,0
0.471830986,0.227272727,0.078313253,0.018237082,0.11849711,0.280276817,0.395454545,0.954782575,0.821989529,0.388888889,0.690140845,1
0.366197183,0.218181818,0.271084337,0.05775076,0.078034682,0.07266436,0.290909091,0.954782575,0.929319372,0.453703704,0.788732394,3
0.478873239,0.245454545,0.168674699,0.20212766,0.219653179,0.173010381,0.370454545,0.960461222,0.793193717,0.351851852,0.605633803,1
0.492957746,0.209090909,0.156626506,0.109422492,0.11849711,0.07266436,0.204545455,0.957756646,0.842931937,0.509259259,0.669014085,1
0.422535211,0.236363636,0.253012048,0.079027356,0.078034682,0.242214533,0.404545455,0.954205086,0.890052356,0.37037037,0.866197183,3
0.485915493,0.136363636,0.168674699,0.066869301,0.083815029,0.048442907,0.243181818,0.956197424,0.848167539,0.425925926,0.732394366,3
0.443661972,0.245454545,0.108433735,0.117021277,0.138728324,0.155709343,0.422727273,0.958825001,0.845549738,0.435185185,0.633802817,1
0.485915493,0.209090909,0.198795181,0.194528875,0.161849711,0.152249135,0.384090909,0.96055747,0.895287958,0.388888889,0.690140845,1
0.549295775,0.181818182,0.144578313,0.024316109,0.075144509,0.089965398,0.429545455,0.953820093,0.806282723,0.685185185,0.852112676,2
0.5,0.245454545,0.168674699,0.01899696,0.066473988,0.010380623,0.202272727,0.952790237,0.772251309,0.277777778,0.802816901,0
0.464788732,0.509090909,0.090361446,0.151975684,0.106936416,0.131487889,0.356818182,0.959036748,0.858638743,0.481481481,0.661971831,1
0.429577465,0.181818182,0.204819277,0.1443769,0.11849711,0.131487889,0.456818182,0.957670023,0.821989529,0.407407407,0.711267606,0
0.584507042,0.445454545,0.259036145,0.037993921,0.104046243,0.110726644,0.263636364,0.957092533,0.845549738,0.435185185,0.753521127,1
0.514084507,0.181818182,0.174698795,0.302431611,0.112716763,0.238754325,0.538636364,0.962838553,0.811518325,0.444444444,0.647887324,1
0.408450704,0.254545455,0.204819277,0.03343465,0.106936416,0.083044983,0.284090909,0.952722863,0.879581152,0.305555556,0.901408451,3
0.542253521,0.363636364,0.162650602,0.068389058,0.098265896,0.093425606,0.215909091,0.954541955,0.840314136,0.546296296,0.866197183,3
0.549295775,0.263636364,0.21686747,0.106382979,0.121387283,0.131487889,0.365909091,0.956803788,0.853403141,0.342592593,0.788732394,3
0.436619718,0.254545455,0.246987952,0.075987842,0.124277457,0.173010381,0.427272727,0.955918304,0.845549738,0.592592593,0.76056338,1
0.443661972,0.309090909,0.186746988,0.09118541,0.057803468,0.062283737,0.154545455,0.952674739,0.842931937,0.268518519,0.943661972,2
0.415492958,0.336363636,0.192771084,0.024316109,0.083815029,0.141868512,0.231818182,0.952049125,0.892670157,0.509259259,0.894366197,2
0.309859155,0.290909091,0.234939759,0.065349544,0.086705202,0.107266436,0.288636364,0.951933627,0.905759162,0.333333333,0.901408451,3
0.478873239,0.163636364,0.168674699,0.14893617,0.112716763,0.100346021,0.256818182,0.956765289,0.814136126,0.416666667,0.767605634,2
0.443661972,0.245454545,0.307228916,0.11550152,0.141618497,0.121107266,0.454545455,0.958132014,0.827225131,0.5,0.661971831,0
0.408450704,0.181818182,0.162650602,0.021276596,0.089595376,0.041522491,0.175,0.953338852,0.85078534,0.333333333,0.767605634,2
0.563380282,0.6,0.43373494,0.266717325,0.121387283,0.214532872,0.529545455,0.962386186,0.764397906,0.62962963,0.661971831,0
0.492957746,0.236363636,0.277108434,0.236322188,0.106936416,0.211072664,0.388636364,0.961134959,0.769633508,0.324074074,0.61971831,1
0.542253521,0.318181818,0.295180723,0.131458967,0.095375723,0.14532872,0.422727273,0.955841306,0.821989529,0.351851852,0.873239437,3
0.598591549,0.163636364,0.180722892,0.016717325,0.080924855,0.117647059,0.215909091,0.955475563,0.740837696,0.333333333,0.704225352,0
0.5,0.190909091,0.168674699,0.041033435,0.098265896,0.079584775,0.252272727,0.956755664,0.876963351,0.592592593,0.718309859,0
0.478873239,0.154545455,0.210843373,0.027355623,0.115606936,0.100346021,0.190909091,0.952482242,0.761780105,0.527777778,0.845070423,2
0.528169014,0.154545455,0.204819277,0.021276596,0.101156069,0.044982699,0.231818182,0.954590079,0.798429319,0.685185185,0.774647887,1
0.422535211,0.218181818,0.198795181,0.037993921,0.075144509,0.107266436,0.193181818,0.952992358,0.819371728,0.462962963,0.795774648,2
0.436619718,0.6,0.289156627,0.018237082,0.083815029,0.100346021,0.170454545,0.952087624,0.871727749,0.361111111,0.901408451,3
0.422535211,0.209090909,0.090361446,0.147416413,0.138728324,0.349480969,0.470454545,0.958353385,0.798429319,0.277777778,0.64084507,1
0.464788732,0.2,0.138554217,0.262917933,0.13583815,0.128027682,0.268181818,0.961577701,0.806282723,0.425925926,0.61971831,1
0.471830986,0.181818182,0.253012048,0.212765957,0.10982659,0.287197232,0.363636364,0.961231208,0.827225131,0.462962963,0.661971831,1
0.514084507,0.345454545,0.138554217,0.098784195,0.144508671,0.062283737,0.231818182,0.955783557,0.811518325,0.509259259,0.788732394,0
0.507042254,0.5,0.054216867,0.022796353,0.312138728,0.055363322,0.343181818,0.956515044,0.803664921,0.527777778,0.647887324,0
0.514084507,0.190909091,0.174698795,0.024316109,0.098265896,0.100346021,0.268181818,0.95449383,0.863874346,0.462962963,0.774647887,3
0.492957746,0.136363636,0.228915663,0.03343465,0.13583815,0.114186851,0.218181818,0.955552561,0.819371728,0.361111111,0.732394366,3
0.514084507,0.445454545,0.192771084,0.079027356,0.124277457,0.062283737,0.236363636,0.957862519,0.848167539,0.416666667,0.753521127,0
0.464788732,0.281818182,0.228915663,0.243920973,0.167630058,0.055363322,0.375,0.96219369,0.884816754,0.555555556,0.647887324,1
0.485915493,0.254545455,0.180722892,0.126139818,0.075144509,0.128027682,0.256818182,0.954195461,0.782722513,0.351851852,0.866197183,3
0.408450704,0.190909091,0.192771084,0.024316109,0.130057803,0.131487889,0.215909091,0.95233787,0.845549738,0.87037037,0.873239437,3
0.274647887,0.204545455,0.240963855,0.063829787,0.086705202,0.100346021,0.268181818,0.951895128,0.934554974,0.333333333,0.901408451,3
0.5,0.181818182,0.204819277,0.243161094,0.144508671,0.176470588,0.377272727,0.961038711,0.840314136,0.555555556,0.647887324,1
0.478873239,0.3,0.186746988,0.112462006,0.130057803,0.117647059,0.325,0.955032821,0.80104712,0.509259259,0.85915493,1
0.450704225,0.254545455,0.259036145,0.107902736,0.130057803,0.207612457,0.502272727,0.957862519,0.808900524,0.416666667,0.661971831,1
0.457746479,0.4,0.28313253,0.082826748,0.040462428,0.152249135,0.311363636,0.952703613,0.819371728,0.296296296,0.915492958,3
0.5,0.290909091,0.192771084,0.167173252,0.10982659,0.055363322,0.15,0.956418795,0.848167539,0.37037037,0.809859155,0
0.471830986,0.236363636,0.234939759,0.016717325,0.115606936,0.155709343,0.334090909,0.956226299,0.869109948,0.537037037,0.676056338,3
0.408450704,0.309090909,0.096385542,0.106382979,0.106936416,0.089965398,0.263636364,0.957573774,0.905759162,0.416666667,0.704225352,2
0.471830986,0.581818182,0.180722892,0.018237082,0.086705202,0.062283737,0.172727273,0.952087624,0.827225131,0.555555556,0.908450704,0
0.471830986,0.309090909,0.180722892,0.129179331,0.170520231,0.083044983,0.345454545,0.958776877,0.905759162,0.592592593,0.774647887,2
0.514084507,0.218181818,0.174698795,0.018237082,0.106936416,0.128027682,0.220454545,0.955360065,0.835078534,0.648148148,0.711267606,1
0.485915493,0.2,0.192771084,0.141337386,0.115606936,0.076124567,0.25,0.958440008,0.87434555,0.5,0.753521127,2
0.521126761,0.254545455,0.180722892,0.080547112,0.156069364,0.152249135,0.365909091,0.956803788,0.816753927,0.444444444,0.725352113,1
0.485915493,0.190909091,0.168674699,0.036474164,0.161849711,0.169550173,0.361363636,0.957092533,0.790575916,0.435185185,0.61971831,3
0.450704225,0.254545455,0.271084337,0.130699088,0.164739884,0.162629758,0.506818182,0.959152245,0.827225131,0.472222222,0.64084507,1
0.584507042,0.381818182,0.373493976,0.292553191,0.115606936,0.141868512,0.390909091,0.962674931,0.780104712,0.62037037,0.683098592,1
0.535211268,0.181818182,0.180722892,0.215805471,0.161849711,0.183391003,0.482954545,0.961519952,0.821989529,0.425925926,0.626760563,3
0.492957746,0.290909091,0.186746988,0.097264438,0.089595376,0.131487889,0.261363636,0.955119444,0.884816754,0.537037037,0.85915493,2
0.521126761,0.218181818,0.156626506,0.024316109,0.167630058,0.183391003,0.340909091,0.956322547,0.832460733,0.462962963,0.697183099,2
0.514084507,0.227272727,0.21686747,0.031914894,0.098265896,0.103806228,0.402272727,0.95367572,0.85078534,0.37037037,0.838028169,3
0.436619718,0.209090909,0.210843373,0.010638298,0.147398844,0.083044983,0.252272727,0.954397582,0.882198953,0.398148148,0.774647887,0
0.563380282,0.145454545,0.21686747,0.022796353,0.095375723,0.048442907,0.277272727,0.956803788,0.837696335,0.361111111,0.725352113,0
0.556338028,0.145454545,0.180722892,0.112462006,0.144508671,0.200692042,0.345454545,0.958748003,0.816753927,0.342592593,0.669014085,1
0.492957746,0.327272727,0.192771084,0.152735562,0.130057803,0.128027682,0.297727273,0.956245549,0.808900524,0.305555556,0.823943662,3
0.514084507,0.218181818,0.259036145,0.030395137,0.060693642,0.069204152,0.156818182,0.95285761,0.806282723,0.518518519,0.85915493,1
0.514084507,0.254545455,0.253012048,0.018237082,0.095375723,0.100346021,0.322727273,0.954830699,0.829842932,0.398148148,0.753521127,0
0.704225352,0.827272727,0.253012048,0.024316109,0.161849711,0.117647059,0.411363636,0.959402491,0.814136126,0.425925926,0.704225352,0
0.478873239,0.2,0.210843373,0.083586626,0.124277457,0.07266436,0.259090909,0.956515044,0.863874346,0.490740741,0.753521127,2
0.450704225,0.236363636,0.259036145,0.191489362,0.095375723,0.221453287,0.522727273,0.95997998,0.806282723,0.351851852,0.626760563,1
0.457746479,0.263636364,0.15060241,0.037993921,0.410404624,0.027681661,0.252272727,0.955456313,0.785340314,0.407407407,0.697183099,0
0.507042254,0.559090909,0.060240964,0.021276596,0.196531792,0.08650519,0.35,0.957660398,0.837696335,0.444444444,0.683098592,0
0.457746479,0.436363636,0.012048193,0.013677812,0.124277457,0.110726644,0.225,0.955032821,0.821989529,0.435185185,0.690140845,0
0.661971831,0.254545455,0.180722892,0.024316109,0.130057803,0.124567474,0.315909091,0.957997267,0.814136126,0.453703704,0.654929577,1
0.429577465,0.345454545,0.084337349,0.059270517,0.173410405,0.093425606,0.256818182,0.95616855,0.803664921,0.314814815,0.647887324,0
0.422535211,0.163636364,0.186746988,0.021276596,0.104046243,0.048442907,0.170454545,0.95367572,0.87434555,0.537037037,0.781690141,3
0.647887324,0.318181818,0.234939759,0.013677812,0.121387283,0.051903114,0.138636364,0.955167568,0.77486911,0.259259259,0.732394366,0
0.5,0.409090909,0.144578313,0.041033435,0.115606936,0.083044983,0.197727273,0.951529385,0.769633508,0.351851852,0.943661972,3
0.408450704,0.2,0.174698795,0.013677812,0.098265896,0.117647059,0.202272727,0.952241622,0.821989529,0.333333333,0.781690141,2
0.5,0.163636364,0.253012048,0.021276596,0.130057803,0.162629758,0.356818182,0.954397582,0.772251309,0.287037037,0.73943662,1
0.471830986,0.209090909,0.186746988,0.031914894,0.132947977,0.103806228,0.218181818,0.955360065,0.871727749,0.592592593,0.753521127,3
0.528169014,0.236363636,0.355421687,0.179331307,0.132947977,0.200692042,0.372727273,0.960692217,0.829842932,0.425925926,0.626760563,0
0.507042254,0.281818182,0.277108434,0.075987842,0.115606936,0.010380623,0.065909091,0.9534351,0.795811518,0.490740741,0.88028169,0
0.464788732,0.290909091,0.204819277,0.117021277,0.12716763,0.21799308,0.481818182,0.957920268,0.842931937,0.444444444,0.683098592,1
0.457746479,0.327272727,0.168674699,0.048632219,0.106936416,0.100346021,0.270454545,0.953627596,0.85078534,0.601851852,0.873239437,3
0.422535211,0.172727273,0.174698795,0.016717325,0.13583815,0.23183391,0.345454545,0.954397582,0.926701571,0.546296296,0.781690141,2
0.514084507,0.3,0.240963855,0.104103343,0.10982659,0.110726644,0.313636364,0.954782575,0.793193717,0.277777778,0.838028169,2
0.478873239,0.163636364,0.168674699,0.14893617,0.112716763,0.100346021,0.256818182,0.956765289,0.814136126,0.416666667,0.767605634,2
0.415492958,0.309090909,0.180722892,0.05775076,0.101156069,0.197231834,0.306818182,0.953011608,0.808900524,0.314814815,0.845070423,1
0.429577465,0.245454545,0.192771084,0.094224924,0.138728324,0.162629758,0.365909091,0.955562186,0.842931937,0.555555556,0.774647887,1
0.492957746,0.254545455,0.156626506,0.025835866,0.121387283,0.117647059,0.295454545,0.955263816,0.897905759,0.462962963,0.753521127,3
0.535211268,0.181818182,0.180722892,0.215805471,0.161849711,0.183391003,0.482954545,0.961519952,0.821989529,0.425925926,0.626760563,3
0.485915493,0.263636364,0.192771084,0.088145897,0.115606936,0.055363322,0.254545455,0.955745058,0.795811518,0.537037037,0.788732394,1
0.366197183,0.140909091,0.198795181,0.024316109,0.080924855,0.044982699,0.134090909,0.95261699,0.863874346,0.777777778,0.838028169,3
0.401408451,0.163636364,0.21686747,0.018237082,0.132947977,0.031141869,0.161363636,0.95477295,0.968586387,0.62962963,0.767605634,2
0.464788732,0.209090909,0.144578313,0.059270517,0.130057803,0.124567474,0.313636364,0.954975072,0.82460733,0.592592593,0.795774648,2
0.464788732,0.268181818,0.144578313,0.024316109,0.112716763,0.100346021,0.318181818,0.955783557,0.876963351,0.564814815,0.732394366,2
0.598591549,0.181818182,0.240963855,0.016717325,0.132947977,0.107266436,0.240909091,0.954724826,0.785340314,0.324074074,0.73943662,0
0.507042254,0.218181818,0.162650602,0.021276596,0.10982659,0.107266436,0.277272727,0.955456313,0.82460733,0.425925926,0.725352113,1
0.478873239,0.227272727,0.108433735,0.021276596,0.161849711,0.044982699,0.311363636,0.956226299,0.814136126,0.388888889,0.669014085,1
0.478873239,0.431818182,0.198795181,0.060030395,0.13583815,0.055363322,0.184090909,0.952742112,0.845549738,0.490740741,0.943661972,2
0.535211268,0.181818182,0.180722892,0.215805471,0.161849711,0.183391003,0.482954545,0.961519952,0.821989529,0.425925926,0.626760563,3
0.514084507,0.172727273,0.162650602,0.211246201,0.164739884,0.155709343,0.352272727,0.960624844,0.769633508,0.37962963,0.61971831,3
0.408450704,0.272727273,0.228915663,0.074468085,0.112716763,0.076124567,0.195454545,0.952501492,0.845549738,0.537037037,0.922535211,2
0.471830986,0.209090909,0.186746988,0.031914894,0.132947977,0.103806228,0.218181818,0.955360065,0.871727749,0.592592593,0.753521127,3
0.464788732,0.227272727,0.246987952,0.112462006,0.124277457,0.100346021,0.343181818,0.95728503,0.82460733,0.555555556,0.718309859,2
0.408450704,0.209090909,0.120481928,0.030395137,0.124277457,0.134948097,0.35,0.955032821,0.840314136,0.361111111,0.718309859,1
0.450704225,0.2,0.192771084,0.109422492,0.080924855,0.051903114,0.188636364,0.955745058,0.819371728,0.509259259,0.767605634,3
0.443661972,0.154545455,0.192771084,0.015197568,0.115606936,0.134948097,0.268181818,0.95176038,0.866492147,0.37037037,0.922535211,3
0.584507042,0.127272727,0.204819277,0.016717325,0.121387283,0.024221453,0.106818182,0.956130051,0.908376963,0.37037037,0.718309859,1
0.436619718,0.336363636,0.144578313,0.092705167,0.092485549,0.065743945,0.195454545,0.952222372,0.795811518,0.240740741,0.943661972,3
0.394366197,0.190909091,0.240963855,0.019756839,0.11849711,0.280276817,0.334090909,0.952953859,0.842931937,0.87962963,0.816901408,3
0.478873239,0.290909091,0.108433735,0.113981763,0.11849711,0.24567474,0.506818182,0.958536257,0.821989529,0.37962963,0.626760563,1
0.387323944,0.136363636,0.192771084,0.212765957,0.089595376,0.055363322,0.225,0.957063659,0.853403141,0.351851852,0.809859155,3
0.429577465,0.254545455,0.162650602,0.071428571,0.086705202,0.193771626,0.318181818,0.953261853,0.827225131,0.388888889,0.88028169,3
0.429577465,0.545454545,0,0.019756839,0.121387283,0.083044983,0.179545455,0.956418795,0.866492147,0.351851852,0.661971831,0
0.591549296,0.172727273,0.253012048,0.024316109,0.13583815,0.031141869,0.229545455,0.95670754,0.80104712,0.601851852,0.781690141,0
0.478873239,0.581818182,0.048192771,0.147416413,0.179190751,0.089965398,0.322727273,0.959787484,0.882198953,0.425925926,0.626760563,0
0.457746479,0.272727273,0.162650602,0.060790274,0.10982659,0.128027682,0.220454545,0.953107856,0.837696335,0.555555556,0.887323944,3
0.535211268,0.509090909,0.072289157,0.158054711,0.277456647,0.076124567,0.402272727,0.960846215,0.869109948,0.416666667,0.64084507,0
0.443661972,0.372727273,0.108433735,0.053191489,0.078034682,0.079584775,0.247727273,0.953030857,0.87434555,0.5,0.901408451,3
0.654929577,0.181818182,0.198795181,0.025835866,0.144508671,0.096885813,0.404545455,0.958055015,0.827225131,0.398148148,0.633802817,0
0.507042254,0.354545455,0.379518072,0.167173252,0.12716763,0.190311419,0.354545455,0.95997998,0.808900524,0.407407407,0.612676056,1
0.450704225,0.254545455,0.174698795,0.024316109,0.150289017,0.117647059,0.288636364,0.955648809,0.910994764,0.518518519,0.73943662,2
0.443661972,0.254545455,0.13253012,0.1443769,0.115606936,0.103806228,0.252272727,0.956110801,0.798429319,0.287037037,0.76056338,0
0.457746479,0.354545455,0.138554217,0.082066869,0.147398844,0.08650519,0.338636364,0.956130051,0.848167539,0.324074074,0.704225352,1
0.457746479,0.118181818,0.222891566,0.015197568,0.104046243,0.166089965,0.259090909,0.953916341,0.892670157,0.472222222,0.809859155,3
0.485915493,0.218181818,0.240963855,0.234042553,0.150289017,0.280276817,0.45,0.961134959,0.837696335,0.638888889,0.661971831,1
0.450704225,0.318181818,0.210843373,0.085106383,0.098265896,0.031141869,0.336363636,0.957102158,0.829842932,0.462962963,0.690140845,0
0.725352113,0.154545455,0.28313253,0.021276596,0.106936416,0.017301038,0.075,0.956611292,0.756544503,0.259259259,0.676056338,0
0.366197183,0.272727273,0.204819277,0.022796353,0.10982659,0.062283737,0.218181818,0.952299371,0.931937173,0.444444444,0.915492958,3
0.485915493,0.3,0.186746988,0.063829787,0.115606936,0.07266436,0.211363636,0.952472617,0.832460733,0.444444444,0.943661972,2
0.549295775,0.290909091,0.186746988,0.025835866,0.104046243,0.15916955,0.443181818,0.955745058,0.793193717,0.444444444,0.73943662,1
0.528169014,0.345454545,0.174698795,0.074468085,0.060693642,0.131487889,0.256818182,0.953107856,0.806282723,0.444444444,0.915492958,2
0.478873239,0.218181818,0.174698795,0.030395137,0.12716763,0.051903114,0.218181818,0.95509057,0.845549738,0.592592593,0.732394366,3
0.422535211,0.290909091,0.180722892,0.019756839,0.072254335,0.062283737,0.254545455,0.950951895,0.803664921,0.592592593,0.936619718,2
0.366197183,0.4,0.024096386,0.021276596,0.104046243,0.148788927,0.270454545,0.952280121,0.879581152,0.305555556,0.852112676,3
0.408450704,0.154545455,0.204819277,0.027355623,0.130057803,0.332179931,0.386363636,0.953194479,0.884816754,0.833333333,0.830985915,3
0.521126761,0.254545455,0.15060241,0.180851064,0.153179191,0.08650519,0.336363636,0.960172477,0.811518325,0.574074074,0.647887324,1
0.401408451,0.136363636,0.28313253,0.17325228,0.101156069,0.169550173,0.290909091,0.95724653,0.793193717,0.314814815,0.73943662,3
0.373239437,0.281818182,0.228915663,0.159574468,0.089595376,0.183391003,0.318181818,0.955947179,0.87434555,0.425925926,0.823943662,1
0.457746479,0.290909091,0.271084337,0.117021277,0.063583815,0.107266436,0.220454545,0.954147337,0.837696335,0.648148148,0.894366197,2
0.457746479,0.163636364,0.204819277,0.024316109,0.115606936,0.148788927,0.336363636,0.954012589,0.869109948,0.546296296,0.809859155,3
0.492957746,0.318181818,0.102409639,0.016717325,0.141618497,0.024221453,0.270454545,0.955716183,0.819371728,0.333333333,0.683098592,1
0.528169014,0.345454545,0.174698795,0.193009119,0.144508671,0.08650519,0.475,0.961134959,0.85078534,0.546296296,0.654929577,1
0.507042254,0.363636364,0.373493976,0.164133739,0.11849711,0.242214533,0.429545455,0.960172477,0.806282723,0.453703704,0.605633803,0
0.436619718,0.2,0.295180723,0.09118541,0.083815029,0.107266436,0.290909091,0.955552561,0.892670157,0.333333333,0.795774648,3
0.443661972,0.327272727,0.301204819,0.126139818,0.153179191,0.176470588,0.459090909,0.958151264,0.837696335,0.472222222,0.676056338,1
0.457746479,0.227272727,0.162650602,0.26443769,0.184971098,0.100346021,0.318181818,0.960326474,0.837696335,0.453703704,0.711267606,1
0.633802817,0.390909091,0.180722892,0.022796353,0.144508671,0.024221453,0.397727273,0.957766271,0.814136126,0.416666667,0.683098592,0
0.492957746,0.109090909,0.174698795,0.156534954,0.112716763,0.141868512,0.222727273,0.958286011,0.835078534,0.351851852,0.690140845,3
0.485915493,0.227272727,0.156626506,0.079027356,0.069364162,0.124567474,0.306818182,0.957477526,0.827225131,0.666666667,0.753521127,2
0.387323944,0.440909091,0,0.022796353,0.187861272,0.027681661,0.234090909,0.95670754,0.95026178,0.37037037,0.683098592,0
0.507042254,0.254545455,0.228915663,0.030395137,0.150289017,0.079584775,0.354545455,0.954012589,0.819371728,0.481481481,0.781690141,1
0.514084507,0.190909091,0.174698795,0.024316109,0.098265896,0.100346021,0.268181818,0.95449383,0.863874346,0.462962963,0.774647887,3
0.492957746,0.218181818,0.108433735,0.019756839,0.132947977,0.031141869,0.140909091,0.95670754,0.884816754,0.435185185,0.711267606,0
0.436619718,0.227272727,0.325301205,0.106382979,0.132947977,0.200692042,0.4,0.957227281,0.835078534,0.648148148,0.732394366,1
0.528169014,0.190909091,0.192771084,0.072948328,0.161849711,0.134948097,0.256818182,0.956640166,0.814136126,0.481481481,0.718309859,2
0.345070423,0.3,0.186746988,0.018237082,0.046242775,0.134948097,0.340909091,0.950095286,0.871727749,0.546296296,0.985915493,3
0.485915493,0.245454545,0.246987952,0.025835866,0.13583815,0.020761246,0.304545455,0.955648809,0.82460733,0.638888889,0.802816901,1
0.450704225,0.2,0.192771084,0.12006079,0.083815029,0.117647059,0.281818182,0.957477526,0.890052356,0.361111111,0.718309859,1
0.535211268,0.245454545,0.313253012,0.048632219,0.124277457,0.096885813,0.345454545,0.954099213,0.790575916,0.490740741,0.802816901,1
0.514084507,0.327272727,0.325301205,0.20212766,0.156069364,0.21799308,0.438636364,0.961173459,0.80104712,0.453703704,0.605633803,0
0.570422535,0.181818182,0.295180723,0.179331307,0.138728324,0.15916955,0.481818182,0.959402491,0.808900524,0.425925926,0.704225352,2
0.492957746,0.2,0.156626506,0.139817629,0.078034682,0.128027682,0.277272727,0.95505207,0.80104712,0.314814815,0.88028169,3
0.5,0.218181818,0.204819277,0.018237082,0.130057803,0.020761246,0.3,0.954128087,0.827225131,0.425925926,0.788732394,0
0.464788732,0.309090909,0.162650602,0.094224924,0.170520231,0.079584775,0.309090909,0.95834376,0.863874346,0.453703704,0.711267606,1
